Date,EURUSD
2005-01-03,1.3470010000000001
2005-01-04,1.328198
2005-01-05,1.3280040000000002
2005-01-06,1.3183049999999998
2005-01-07,1.3060969999999998
2005-01-10,1.310994
2005-01-11,1.311699
2005-01-12,1.325592
2005-01-13,1.321109
2005-01-14,1.309895
2005-01-17,1.305108
2005-01-18,1.301795
2005-01-19,1.300306
2005-01-20,1.296294
2005-01-21,1.2999
2005-01-24,1.3039
2005-01-25,1.297101
2005-01-26,1.3078049999999999
2005-01-27,1.3041040000000002
2005-01-28,1.3044950000000002
2005-01-31,1.305193
2005-02-01,1.3039
2005-02-02,1.3032030000000001
2005-02-03,1.297202
2005-02-04,1.285793
2005-02-07,1.276406
2005-02-08,1.276992
2005-02-09,1.281296
2005-02-10,1.287598
2005-02-11,1.2856940000000001
2005-02-14,1.297303
2005-02-15,1.301693
2005-02-16,1.3023040000000001
2005-02-17,1.307497
2005-02-18,1.306899
2005-02-21,1.3064040000000001
2005-02-22,1.3261020000000001
2005-02-23,1.320306
2005-02-24,1.3183049999999998
2005-02-25,1.324609
2005-02-28,1.3217020000000002
2005-03-01,1.317193
2005-03-02,1.3135940000000002
2005-03-03,1.310599
2005-03-04,1.3246959999999999
2005-03-07,1.322192
2005-03-08,1.3352030000000001
2005-03-09,1.337703
2005-03-10,1.343797
2005-03-11,1.347291
2005-03-14,1.3365049999999998
2005-03-15,1.331009
2005-03-16,1.341094
2005-03-17,1.3379
2005-03-18,1.3321969999999999
2005-03-21,1.316101
2005-03-22,1.3077020000000001
2005-03-23,1.2992920000000001
2005-03-24,1.293193
2005-03-25,1.295605
2005-03-28,1.289507
2005-03-29,1.293795
2005-03-30,1.291506
2005-03-31,1.296697
2005-04-01,1.2909059999999999
2005-04-04,1.285
2005-04-05,1.285793
2005-04-06,1.2867030000000002
2005-04-07,1.285
2005-04-08,1.2934940000000001
2005-04-11,1.297101
2005-04-12,1.291506
2005-04-13,1.2912059999999999
2005-04-14,1.279492
2005-04-15,1.287001
2005-04-18,1.301795
2005-04-19,1.306506
2005-04-20,1.3086950000000002
2005-04-21,1.3047
2005-04-22,1.3061989999999999
2005-04-25,1.299393
2005-04-26,1.298499
2005-04-27,1.292107
2005-04-28,1.290506
2005-04-29,1.287598
2005-05-02,1.284604
2005-05-03,1.288693
2005-05-04,1.295001
2005-05-05,1.295605
2005-05-06,1.281197
2005-05-09,1.285496
2005-05-10,1.288693
2005-05-11,1.2813940000000001
2005-05-12,1.268102
2005-05-13,1.261607
2005-05-16,1.2639989999999999
2005-05-17,1.2603030000000002
2005-05-18,1.268102
2005-05-19,1.2635040000000002
2005-05-20,1.255698
2005-05-23,1.257103
2005-05-24,1.256802
2005-05-25,1.259906
2005-05-26,1.251392
2005-05-27,1.258194
2005-05-30,1.248299
2005-05-31,1.2308
2005-06-01,1.219602
2005-06-02,1.226693
2005-06-03,1.2230020000000001
2005-06-06,1.2260010000000001
2005-06-07,1.227898
2005-06-08,1.223795
2005-06-09,1.222793
2005-06-10,1.213695
2005-06-13,1.211798
2005-06-14,1.202603
2005-06-15,1.2121950000000001
2005-06-16,1.209907
2005-06-17,1.227898
2005-06-20,1.2152
2005-06-21,1.2174040000000002
2005-06-22,1.212106
2005-06-23,1.202906
2005-06-24,1.209804
2005-06-27,1.216397
2005-06-28,1.207307
2005-06-29,1.207802
2005-06-30,1.2091020000000001
2005-07-01,1.193602
2005-07-04,1.1909020000000001
2005-07-05,1.1931040000000002
2005-07-06,1.1929049999999999
2005-07-07,1.194501
2005-07-08,1.198107
2005-07-11,1.206899
2005-07-12,1.2230020000000001
2005-07-13,1.208007
2005-07-14,1.209395
2005-07-15,1.204602
2005-07-18,1.2056040000000001
2005-07-19,1.202993
2005-07-20,1.215806
2005-07-21,1.216101
2005-07-22,1.206098
2005-07-25,1.206505
2005-07-26,1.201706
2005-07-27,1.206695
2005-07-28,1.213195
2005-07-29,1.2124
2005-08-01,1.2183979999999999
2005-08-02,1.219393
2005-08-03,1.233502
2005-08-04,1.238497
2005-08-05,1.2365979999999999
2005-08-08,1.2351020000000001
2005-08-09,1.237808
2005-08-10,1.238605
2005-08-11,1.247303
2005-08-12,1.244493
2005-08-15,1.237103
2005-08-16,1.234995
2005-08-17,1.2278069999999999
2005-08-18,1.2183979999999999
2005-08-19,1.215495
2005-08-22,1.223406
2005-08-23,1.223496
2005-08-24,1.227401
2005-08-25,1.230194
2005-08-26,1.229407
2005-08-29,1.223496
2005-08-30,1.2218069999999999
2005-08-31,1.2340959999999999
2005-09-01,1.249001
2005-09-02,1.253306
2005-09-05,1.252693
2005-09-06,1.245795
2005-09-07,1.2416040000000002
2005-09-08,1.239403
2005-09-09,1.241095
2005-09-12,1.229105
2005-09-13,1.228003
2005-09-14,1.227898
2005-09-15,1.223601
2005-09-16,1.2239
2005-09-19,1.213902
2005-09-20,1.2119010000000001
2005-09-21,
2005-09-22,1.215407
2005-09-23,1.204094
2005-09-26,1.207307
2005-09-27,1.201894
2005-09-28,1.2062
2005-09-29,1.2020959999999998
2005-09-30,1.202805
2005-10-03,1.1912989999999999
2005-10-04,1.1918950000000001
2005-10-05,1.201201
2005-10-06,1.217196
2005-10-07,1.213003
2005-10-10,1.204906
2005-10-11,1.198495
2005-10-12,1.202805
2005-10-13,1.201894
2005-10-14,1.2077
2005-10-17,1.2011
2005-10-18,1.1955
2005-10-19,1.1974040000000001
2005-10-20,1.2017930000000001
2005-10-21,1.1954
2005-10-24,1.197605
2005-10-25,1.211196
2005-10-26,1.206302
2005-10-27,1.2143
2005-10-28,1.207103
2005-10-31,1.1988969999999999
2005-11-01,1.2024
2005-11-02,1.206753
2005-11-03,1.1952
2005-11-04,1.1813069999999999
2005-11-07,1.179301
2005-11-08,1.176803
2005-11-09,1.177801
2005-11-10,1.167556
2005-11-11,1.173502
2005-11-14,1.169194
2005-11-15,1.1731989999999999
2005-11-16,1.167706
2005-11-17,1.174798
2005-11-18,1.177607
2005-11-21,1.1736950000000002
2005-11-22,1.1814049999999998
2005-11-23,1.1808049999999999
2005-11-24,1.1781059999999999
2005-11-25,1.172498
2005-11-28,1.185003
2005-11-29,1.176803
2005-11-30,1.180498
2005-12-01,1.174205
2005-12-02,1.171893
2005-12-05,1.178703
2005-12-06,1.179802
2005-12-07,1.171797
2005-12-08,1.1813069999999999
2005-12-09,1.1814049999999998
2005-12-12,1.1956
2005-12-13,1.1949
2005-12-14,1.1974040000000001
2005-12-15,1.1967020000000002
2005-12-16,1.201403
2005-12-19,1.200696
2005-12-20,1.1874930000000001
2005-12-21,1.1834040000000001
2005-12-22,1.187296
2005-12-23,1.1871969999999998
2005-12-26,1.1837959999999998
2005-12-27,1.185607
2005-12-28,1.184806
2005-12-29,1.185003
2005-12-30,1.184105
2006-01-02,1.181698
2006-01-03,1.2032969999999998
2006-01-04,1.211196
2006-01-05,1.210698
2006-01-06,1.215407
2006-01-09,1.207496
2006-01-10,1.206404
2006-01-11,1.213902
2006-01-12,1.2045
2006-01-13,1.2143
2006-01-16,1.2116069999999999
2006-01-17,1.210844
2006-01-18,1.2108
2006-01-19,1.2091020000000001
2006-01-20,1.2136069999999999
2006-01-23,1.2304059999999999
2006-01-24,1.226497
2006-01-25,1.2245
2006-01-26,1.221493
2006-01-27,1.209395
2006-01-30,1.208605
2006-01-31,1.2148450000000002
2006-02-01,1.206695
2006-02-02,1.208401
2006-02-03,1.202704
2006-02-06,1.196301
2006-02-07,1.1993
2006-02-08,1.196501
2006-02-09,1.1994
2006-02-10,1.190703
2006-02-13,1.191199
2006-02-14,1.191597
2006-02-15,1.1885940000000002
2006-02-16,1.190703
2006-02-17,1.194201
2006-02-20,1.193403
2006-02-21,1.1919950000000001
2006-02-22,1.191597
2006-02-23,1.192194
2006-02-24,1.187804
2006-02-27,1.185003
2006-02-28,1.1930040000000002
2006-03-01,1.1919950000000001
2006-03-02,1.203905
2006-03-03,1.204602
2006-03-06,1.201605
2006-03-07,1.1890040000000002
2006-03-08,1.192705
2006-03-09,1.190405
2006-03-10,1.1911
2006-03-13,1.1967020000000002
2006-03-14,1.201894
2006-03-15,1.207103
2006-03-16,1.217493
2006-03-17,1.2192
2006-03-20,1.216293
2006-03-21,1.2108
2006-03-22,1.207904
2006-03-23,1.197203
2006-03-24,1.2035
2006-03-27,1.2011
2006-03-28,1.2011
2006-03-29,1.203094
2006-03-30,1.216797
2006-03-31,1.2115040000000001
2006-04-03,1.213902
2006-04-04,1.2260010000000001
2006-04-05,1.228803
2006-04-06,1.2214040000000002
2006-04-07,1.209497
2006-04-10,1.211196
2006-04-11,1.214801
2006-04-12,1.211402
2006-04-13,1.2116069999999999
2006-04-14,1.211196
2006-04-17,1.2254
2006-04-18,1.236705
2006-04-19,1.237808
2006-04-20,1.230906
2006-04-21,1.2340959999999999
2006-04-24,1.238896
2006-04-25,1.2429
2006-04-26,1.244896
2006-04-27,1.253196
2006-04-28,1.2636
2006-05-01,1.2580040000000001
2006-05-02,1.261702
2006-05-03,1.262307
2006-05-04,1.270099
2006-05-05,1.272799
2006-05-08,1.2702930000000001
2006-05-09,1.276699
2006-05-10,1.277449
2006-05-11,1.285198
2006-05-12,1.292992
2006-05-15,1.279001
2006-05-16,1.285
2006-05-17,1.274194
2006-05-18,1.285099
2006-05-19,1.276699
2006-05-22,1.285298
2006-05-23,1.278298
2006-05-24,1.2774
2006-05-25,1.281
2006-05-26,1.273902
2006-05-29,1.275104
2006-05-30,1.286505
2006-05-31,1.281608
2006-06-01,1.281099
2006-06-02,1.291806
2006-06-05,1.290106
2006-06-06,1.282199
2006-06-07,1.280197
2006-06-08,1.264894
2006-06-09,1.264095
2006-06-12,1.258606
2006-06-13,1.2545950000000001
2006-06-14,1.260907
2006-06-15,1.2639989999999999
2006-06-16,1.264494
2006-06-19,1.2580040000000001
2006-06-20,1.258907
2006-06-21,1.266095
2006-06-22,1.2584950000000001
2006-06-23,1.2523950000000001
2006-06-26,1.258907
2006-06-27,1.256897
2006-06-28,1.2545950000000001
2006-06-29,1.2664
2006-06-30,1.278298
2006-07-03,1.280098
2006-07-04,1.279001
2006-07-05,1.273399
2006-07-06,1.277596
2006-07-07,1.282397
2006-07-10,1.274502
2006-07-11,1.276748
2006-07-12,1.271197
2006-07-13,1.269696
2006-07-14,1.264398
2006-07-17,1.2517989999999999
2006-07-18,1.2502030000000002
2006-07-19,1.259906
2006-07-20,1.263296
2006-07-21,1.2706
2006-07-24,1.2624030000000002
2006-07-25,1.2584
2006-07-26,1.2712940000000001
2006-07-27,1.269599
2006-07-28,1.275104
2006-07-31,1.2774
2006-08-01,1.282002
2006-08-02,1.279198
2006-08-03,1.279902
2006-08-04,1.287896
2006-08-07,1.281903
2006-08-08,1.276699
2006-08-09,1.287498
2006-08-10,1.279296
2006-08-11,1.272508
2006-08-14,1.272297
2006-08-15,1.2791
2006-08-16,1.2843069999999999
2006-08-17,1.283203
2006-08-18,1.282808
2006-08-21,1.2873
2006-08-22,1.281197
2006-08-23,1.278102
2006-08-24,1.276194
2006-08-25,1.2757049999999999
2006-08-28,1.279247
2006-08-29,1.282907
2006-08-30,1.284093
2006-08-31,1.280902
2006-09-01,1.283598
2006-09-04,1.2856940000000001
2006-09-05,1.282397
2006-09-06,1.281903
2006-09-07,1.273204
2006-09-08,1.267299
2006-09-11,1.271003
2006-09-12,1.269503
2006-09-13,1.269696
2006-09-14,1.272297
2006-09-15,1.265102
2006-09-18,1.2706959999999998
2006-09-19,1.2677
2006-09-20,1.268794
2006-09-21,1.278102
2006-09-22,1.28
2006-09-25,1.274502
2006-09-26,1.2686979999999999
2006-09-27,1.2706
2006-09-28,1.270357
2006-09-29,1.2662069999999999
2006-10-02,1.274194
2006-10-03,1.273496
2006-10-04,1.2712940000000001
2006-10-05,1.269551
2006-10-06,1.260398
2006-10-09,1.260097
2006-10-10,1.253196
2006-10-11,1.2523950000000001
2006-10-12,1.255997
2006-10-13,1.2505
2006-10-16,1.2541069999999999
2006-10-17,1.254501
2006-10-18,1.253903
2006-10-19,1.2627059999999999
2006-10-20,1.261607
2006-10-23,1.255099
2006-10-24,1.255903
2006-10-25,1.261607
2006-10-26,1.269406
2006-10-27,1.274307
2006-10-30,1.271795
2006-10-31,1.276699
2006-11-01,1.2754450000000002
2006-11-02,1.2780040000000001
2006-11-03,1.2706959999999998
2006-11-06,1.272556
2006-11-07,1.277906
2006-11-08,1.275998
2006-11-09,1.283252
2006-11-10,1.285397
2006-11-13,1.282594
2006-11-14,1.2813940000000001
2006-11-15,1.2824950000000002
2006-11-16,1.2793940000000001
2006-11-17,1.285
2006-11-20,1.2818049999999999
2006-11-21,1.284604
2006-11-22,1.293895
2006-11-23,1.295203
2006-11-24,1.3085069999999999
2006-11-27,1.313301
2006-11-28,1.320393
2006-11-29,1.3148030000000002
2006-11-30,1.3251
2006-12-01,1.334098
2006-12-04,1.3336
2006-12-05,1.331895
2006-12-06,1.328656
2006-12-07,1.3286040000000001
2006-12-08,1.339405
2006-12-11,1.3251
2006-12-12,1.328498
2006-12-13,1.321807
2006-12-14,1.3156510000000001
2006-12-15,1.309895
2006-12-18,1.310599
2006-12-19,1.320707
2006-12-20,1.318705
2006-12-21,1.318392
2006-12-22,1.313698
2006-12-25,1.3135940000000002
2006-12-26,1.310994
2006-12-27,1.312508
2006-12-28,1.3148030000000002
2006-12-29,1.319801
2007-01-01,1.321895
2007-01-02,1.327598
2007-01-03,1.317107
2007-01-04,1.309295
2007-01-05,1.298499
2007-01-08,1.304002
2007-01-09,1.2996969999999999
2007-01-10,1.293996
2007-01-11,1.289507
2007-01-12,1.292808
2007-01-15,1.2935940000000001
2007-01-16,1.292006
2007-01-17,1.293996
2007-01-18,1.296092
2007-01-19,1.296899
2007-01-22,1.295001
2007-01-23,1.3023040000000001
2007-01-24,1.296294
2007-01-25,1.293996
2007-01-26,1.292892
2007-01-29,1.296294
2007-01-30,1.2965959999999999
2007-01-31,1.3023040000000001
2007-02-01,1.3018969999999999
2007-02-02,1.296395
2007-02-05,1.293193
2007-02-06,1.298398
2007-02-07,1.3023040000000001
2007-02-08,1.304002
2007-02-09,1.3006950000000002
2007-02-12,1.296294
2007-02-13,1.3032030000000001
2007-02-14,1.313991
2007-02-15,1.313508
2007-02-16,1.3138020000000001
2007-02-19,1.315201
2007-02-20,1.3148030000000002
2007-02-21,1.3139049999999999
2007-02-22,1.312508
2007-02-23,1.316898
2007-02-26,1.3194
2007-02-27,1.3232059999999999
2007-02-28,1.322891
2007-03-01,1.3170030000000001
2007-03-02,1.3165
2007-03-05,1.3086950000000002
2007-03-06,1.3138020000000001
2007-03-07,1.3178530000000002
2007-03-08,1.314199
2007-03-09,1.311596
2007-03-12,1.318791
2007-03-13,1.319
2007-03-14,1.323504
2007-03-15,1.3283040000000002
2007-03-16,1.331806
2007-03-19,1.331292
2007-03-20,1.331593
2007-03-21,1.339908
2007-03-22,1.333404
2007-03-23,1.329699
2007-03-26,1.333191
2007-03-27,1.3365049999999998
2007-03-28,1.331505
2007-03-29,1.333493
2007-03-30,1.335898
2007-04-02,1.337006
2007-04-03,1.332498
2007-04-04,1.337399
2007-04-05,1.343201
2007-04-06,1.340195
2007-04-09,1.3355059999999999
2007-04-10,1.343201
2007-04-11,1.343996
2007-04-12,1.3491090000000001
2007-04-13,1.3521
2007-04-16,1.352905
2007-04-17,1.357202
2007-04-18,1.3613959999999998
2007-04-19,1.362435
2007-04-20,1.358899
2007-04-23,1.3584
2007-04-24,1.363605
2007-04-25,1.363903
2007-04-26,1.358899
2007-04-27,1.365505
2007-04-30,1.365206
2007-05-01,1.3601
2007-05-02,1.358806
2007-05-03,1.355601
2007-05-04,1.358899
2007-05-07,1.3600079999999999
2007-05-08,1.354096
2007-05-09,1.3527040000000001
2007-05-10,1.348309
2007-05-11,1.3521
2007-05-14,1.354298
2007-05-15,1.359601
2007-05-16,1.352393
2007-05-17,1.3496920000000001
2007-05-18,1.351297
2007-05-21,1.346602
2007-05-22,1.345207
2007-05-23,1.345804
2007-05-24,1.3430030000000002
2007-05-25,1.345008
2007-05-28,1.345207
2007-05-29,1.344592
2007-05-30,1.343201
2007-05-31,1.345605
2007-06-01,1.344194
2007-06-04,1.3492
2007-06-05,1.352009
2007-06-06,1.349291
2007-06-07,1.342805
2007-06-08,1.3360049999999999
2007-06-11,1.335595
2007-06-12,1.330601
2007-06-13,1.331009
2007-06-14,1.331593
2007-06-15,1.3379
2007-06-18,1.3415979999999998
2007-06-19,1.342408
2007-06-20,1.339603
2007-06-21,1.339405
2007-06-22,1.347092
2007-06-25,1.346801
2007-06-26,1.344899
2007-06-27,1.345497
2007-06-28,1.344701
2007-06-29,1.353601
2007-07-02,1.363494
2007-07-03,1.361192
2007-07-04,1.361507
2007-07-05,1.359897
2007-07-06,1.362992
2007-07-09,1.362398
2007-07-10,1.376008
2007-07-11,1.375402
2007-07-12,1.3787969999999998
2007-07-13,1.378493
2007-07-16,1.3776950000000001
2007-07-17,1.379006
2007-07-18,1.380701
2007-07-19,1.379805
2007-07-20,1.383394
2007-07-23,1.380491
2007-07-24,1.382495
2007-07-25,1.372608
2007-07-26,1.375005
2007-07-27,1.363605
2007-07-30,1.371197
2007-07-31,1.367204
2007-08-01,1.367708
2007-08-02,1.370708
2007-08-03,1.378702
2007-08-06,1.379691
2007-08-07,1.374098
2007-08-08,1.3803
2007-08-09,1.367409
2007-08-10,1.3689069999999999
2007-08-13,1.361304
2007-08-14,1.353491
2007-08-15,1.342805
2007-08-16,1.342498
2007-08-17,1.3494
2007-08-20,1.347491
2007-08-21,1.345497
2007-08-22,1.3549950000000002
2007-08-23,1.355693
2007-08-24,1.3666989999999999
2007-08-27,1.363791
2007-08-28,1.359897
2007-08-29,1.367409
2007-08-30,1.364201
2007-08-31,1.364201
2007-09-03,1.3613959999999998
2007-09-04,1.3620079999999999
2007-09-05,1.365393
2007-09-06,1.3696
2007-09-07,1.377505
2007-09-10,
2007-09-11,1.3840059999999998
2007-09-12,1.390801
2007-09-13,1.386693
2007-09-14,1.387809
2007-09-17,1.386501
2007-09-18,1.397995
2007-09-19,1.396902
2007-09-20,1.4078950000000001
2007-09-21,1.4092049999999998
2007-09-24,1.4074
2007-09-25,1.415208
2007-09-26,1.413308
2007-09-27,1.415208
2007-09-28,1.426493
2007-10-01,1.4236090000000001
2007-10-02,1.415208
2007-10-03,1.41
2007-10-04,1.413507
2007-10-05,1.413308
2007-10-08,1.404909
2007-10-09,1.410696
2007-10-10,1.414107
2007-10-11,1.420192
2007-10-12,1.419003
2007-10-15,1.4203940000000002
2007-10-16,1.4176959999999998
2007-10-17,1.421707
2007-10-18,1.42949
2007-10-19,1.4296950000000002
2007-10-22,1.417997
2007-10-23,1.425801
2007-10-24,1.42631
2007-10-25,1.432603
2007-10-26,1.4393049999999998
2007-10-29,1.4417950000000002
2007-10-30,1.444002
2007-10-31,1.447199
2007-11-01,1.44271
2007-11-02,1.448792
2007-11-05,1.447807
2007-11-06,1.45641
2007-11-07,1.462394
2007-11-08,1.468105
2007-11-09,1.467502
2007-11-12,1.452391
2007-11-13,1.4620950000000001
2007-11-14,1.465008
2007-11-15,1.4620950000000001
2007-11-16,1.4634
2007-11-19,1.466899
2007-11-20,1.4833049999999999
2007-11-21,1.485796
2007-11-22,1.4855969999999998
2007-11-23,1.4801
2007-11-26,
2007-11-27,1.48379
2007-11-28,1.484098
2007-11-29,1.475993
2007-11-30,1.469594
2007-12-03,1.467007
2007-12-04,1.476603
2007-12-05,1.459897
2007-12-06,1.46591
2007-12-07,1.46561
2007-12-10,1.470891
2007-12-11,1.466491
2007-12-12,1.4716049999999998
2007-12-13,1.4629940000000001
2007-12-14,1.44371
2007-12-17,1.441296
2007-12-18,
2007-12-19,1.438394
2007-12-20,1.433301
2007-12-21,1.438807
2007-12-24,1.439698
2007-12-25,1.4395950000000002
2007-12-26,1.448792
2007-12-27,1.46139
2007-12-28,1.4718
2007-12-31,1.46011
2008-01-01,1.46201
2008-01-02,1.471692
2008-01-03,1.474491
2008-01-04,1.475492
2008-01-07,1.468299
2008-01-08,1.557099
2008-01-09,1.466405
2008-01-10,1.4801
2008-01-11,1.479006
2008-01-14,1.4869
2008-01-15,1.48021
2008-01-16,1.466405
2008-01-17,1.464
2008-01-18,1.4617959999999999
2008-01-21,1.4420030000000001
2008-01-22,1.4647940000000002
2008-01-23,1.463208
2008-01-24,1.4774100000000001
2008-01-25,1.467502
2008-01-28,1.478809
2008-01-29,1.477192
2008-01-30,1.483107
2008-01-31,1.4865030000000001
2008-02-01,1.479991
2008-02-04,1.4828
2008-02-05,1.463807
2008-02-06,1.46171
2008-02-07,1.44789
2008-02-08,1.557099
2008-02-11,1.4502
2008-02-12,1.458194
2008-02-13,1.4556040000000001
2008-02-14,1.464408
2008-02-15,1.46761
2008-02-18,1.465008
2008-02-19,1.472993
2008-02-20,1.472299
2008-02-21,1.481503
2008-02-22,1.482602
2008-02-25,1.4835909999999999
2008-02-26,1.49961
2008-02-27,1.511807
2008-02-28,1.519595
2008-02-29,1.519203
2008-03-03,1.520011
2008-03-04,1.521005
2008-03-05,1.5276969999999999
2008-03-06,1.538509
2008-03-07,1.533601
2008-03-10,1.534095
2008-03-11,1.534189
2008-03-12,1.554002
2008-03-13,1.562207
2008-03-14,1.561792
2008-03-17,1.5748030000000002
2008-03-18,1.565803
2008-03-19,1.563893
2008-03-20,1.544211
2008-03-21,1.569711
2008-03-24,1.543496
2008-03-25,1.561207
2008-03-26,1.5824040000000001
2008-03-27,1.5814030000000001
2008-03-28,1.576094
2008-03-31,1.575796
2008-04-01,
2008-04-02,1.567791
2008-04-03,1.566711
2008-04-04,1.573688
2008-04-07,1.5705
2008-04-08,1.5578020000000001
2008-04-09,1.5824040000000001
2008-04-10,1.574208
2008-04-11,1.582203
2008-04-14,1.5825040000000001
2008-04-15,1.5786069999999999
2008-04-16,1.595813
2008-04-17,1.5902040000000002
2008-04-18,1.573391
2008-04-21,1.591191
2008-04-22,1.598798
2008-04-23,1.587402
2008-04-24,1.568406
2008-04-25,1.563697
2008-04-28,1.565288
2008-04-29,1.556711
2008-04-30,1.562207
2008-05-01,
2008-05-02,1.5434
2008-05-05,1.549811
2008-05-06,1.553591
2008-05-07,1.538509
2008-05-08,1.546408
2008-05-09,1.5489950000000001
2008-05-12,1.554002
2008-05-13,1.5477
2008-05-14,1.54691
2008-05-15,1.545094
2008-05-16,1.5596
2008-05-19,1.5527950000000001
2008-05-20,1.565411
2008-05-21,1.578806
2008-05-22,1.573193
2008-05-23,1.5785069999999999
2008-05-26,1.577934
2008-05-27,1.5690950000000001
2008-05-28,1.565607
2008-05-29,1.551807
2008-05-30,1.554098
2008-06-02,1.554606
2008-06-03,1.545022
2008-06-04,1.543258
2008-06-05,1.5588950000000001
2008-06-06,1.5785069999999999
2008-06-09,1.564358
2008-06-10,1.546408
2008-06-11,1.555791
2008-06-12,1.5460969999999998
2008-06-13,1.536901
2008-06-16,1.547389
2008-06-17,1.552193
2008-06-18,1.553808
2008-06-19,1.550989
2008-06-20,1.562793
2008-06-23,1.552289
2008-06-24,1.557002
2008-06-25,1.5673979999999998
2008-06-26,1.575299
2008-06-27,1.575299
2008-06-30,1.575002
2008-07-01,
2008-07-02,1.587806
2008-07-03,1.570007
2008-07-04,1.571388
2008-07-07,1.572006
2008-07-08,1.53339
2008-07-09,1.573589
2008-07-10,1.5785069999999999
2008-07-11,1.5948959999999999
2008-07-14,1.589092
2008-07-15,1.589901
2008-07-16,1.582203
2008-07-17,1.58559
2008-07-18,1.585389
2008-07-21,1.591394
2008-07-22,1.579205
2008-07-23,1.569243
2008-07-24,1.5688739999999999
2008-07-25,1.5673
2008-07-28,1.574134
2008-07-29,1.5590899999999999
2008-07-30,1.557366
2008-07-31,1.559308
2008-08-01,
2008-08-04,
2008-08-05,
2008-08-06,
2008-08-07,
2008-08-08,1.504891
2008-08-11,
2008-08-12,
2008-08-13,
2008-08-14,
2008-08-15,
2008-08-18,
2008-08-19,
2008-08-20,
2008-08-21,
2008-08-22,
2008-08-25,
2008-08-26,1.4647940000000002
2008-08-27,1.472581
2008-08-28,1.47141
2008-08-29,1.467093
2008-09-01,1.457492
2008-09-02,1.451589
2008-09-03,1.448604
2008-09-04,1.426493
2008-09-05,1.427491
2008-09-08,1.505004
2008-09-09,1.414847
2008-09-10,1.398406
2008-09-11,1.3996
2008-09-12,1.423994
2008-09-15,1.4269
2008-09-16,1.413507
2008-09-17,1.4329319999999999
2008-09-18,1.430492
2008-09-19,1.4417950000000002
2008-09-22,1.479596
2008-09-23,1.469292
2008-09-24,1.463315
2008-09-25,1.464193
2008-09-26,1.459897
2008-09-29,1.439325
2008-09-30,1.409642
2008-10-01,1.40162
2008-10-02,1.380796
2008-10-03,1.378493
2008-10-06,1.350494
2008-10-07,1.358806
2008-10-08,1.495707
2008-10-09,1.359804
2008-10-10,1.3398
2008-10-13,1.3621940000000001
2008-10-14,1.361804
2008-10-15,1.344393
2008-10-16,1.349
2008-10-17,1.3423
2008-10-20,1.3313270000000001
2008-10-21,1.306114
2008-10-22,1.281673
2008-10-23,1.294498
2008-10-24,1.262993
2008-10-27,1.2464629999999999
2008-10-28,1.280902
2008-10-29,1.295924
2008-10-30,1.2868030000000001
2008-10-31,1.2701959999999999
2008-11-03,1.261798
2008-11-04,1.298398
2008-11-05,1.291806
2008-11-06,1.269503
2008-11-07,1.271407
2008-11-10,1.2747950000000001
2008-11-11,1.251596
2008-11-12,1.2459040000000001
2008-11-13,1.2788709999999999
2008-11-14,1.2597
2008-11-17,1.264398
2008-11-18,1.263695
2008-11-19,1.250531
2008-11-20,1.2439049999999998
2008-11-21,1.259097
2008-11-24,1.291773
2008-11-25,1.303407
2008-11-26,1.289923
2008-11-27,1.289507
2008-11-28,1.269793
2008-12-01,1.259906
2008-12-02,1.271326
2008-12-03,1.270793
2008-12-04,1.2774
2008-12-05,1.271698
2008-12-08,1.491803
2008-12-09,1.292608
2008-12-10,1.3014059999999998
2008-12-11,1.3329959999999998
2008-12-12,1.335399
2008-12-15,1.3696
2008-12-16,1.406193
2008-12-17,1.440839
2008-12-18,1.4293069999999999
2008-12-19,1.392603
2008-12-22,1.395907
2008-12-23,1.393787
2008-12-24,1.400894
2008-12-25,1.401502
2008-12-26,1.4027020000000001
2008-12-29,1.4039030000000001
2008-12-30,1.414007
2008-12-31,1.397995
2009-01-01,1.399894
2009-01-02,1.392292
2009-01-05,1.364592
2009-01-06,1.351004
2009-01-07,1.3611
2009-01-08,1.369901
2009-01-09,1.345497
2009-01-12,1.3360049999999999
2009-01-13,1.320202
2009-01-14,1.3217020000000002
2009-01-15,1.315807
2009-01-16,1.329204
2009-01-19,1.309397
2009-01-20,1.288494
2009-01-21,1.300508
2009-01-22,1.300678
2009-01-23,1.2964959999999999
2009-01-26,1.319192
2009-01-27,1.321598
2009-01-28,1.3153219999999999
2009-01-29,1.293795
2009-01-30,1.2836969999999999
2009-02-02,1.281493
2009-02-03,1.301287
2009-02-04,1.285562
2009-02-05,1.279116
2009-02-06,1.292708
2009-02-09,1.295908
2009-02-10,1.291406
2009-02-11,1.2868030000000001
2009-02-12,1.289092
2009-02-13,1.286604
2009-02-16,1.279902
2009-02-17,1.258194
2009-02-18,1.256897
2009-02-19,1.265903
2009-02-20,1.293293
2009-02-23,1.2678129999999999
2009-02-24,1.287399
2009-02-25,1.272426
2009-02-26,1.272054
2009-02-27,1.267893
2009-03-02,1.256408
2009-03-03,1.25318
2009-03-04,1.263807
2009-03-05,1.254674
2009-03-06,1.263807
2009-03-09,1.262276
2009-03-10,1.271666
2009-03-11,1.280672
2009-03-12,1.28989
2009-03-13,1.292992
2009-03-16,1.297606
2009-03-17,1.3033219999999999
2009-03-18,1.348399
2009-03-19,1.366195
2009-03-20,1.3581969999999999
2009-03-23,1.3620450000000002
2009-03-24,1.348127
2009-03-25,1.3577
2009-03-26,1.35307
2009-03-27,1.329204
2009-03-30,1.318618
2009-03-31,1.3246959999999999
2009-04-01,1.3241
2009-04-02,1.346692
2009-04-03,1.348909
2009-04-06,1.3405719999999999
2009-04-07,1.327739
2009-04-08,1.325135
2009-04-09,1.3159969999999999
2009-04-10,1.317593
2009-04-13,1.336398
2009-04-14,1.327404
2009-04-15,1.322594
2009-04-16,1.318044
2009-04-17,1.3044950000000002
2009-04-20,1.292892
2009-04-21,1.2934940000000001
2009-04-22,1.300576
2009-04-23,1.314095
2009-04-24,1.325803
2009-04-27,1.3018969999999999
2009-04-28,1.313094
2009-04-29,1.326594
2009-04-30,1.3235219999999999
2009-05-01,1.326805
2009-05-04,1.341868
2009-05-05,1.331593
2009-05-06,1.331292
2009-05-07,1.339208
2009-05-08,1.363903
2009-05-11,1.358991
2009-05-12,1.364498
2009-05-13,1.358862
2009-05-14,1.363605
2009-05-15,1.3502020000000001
2009-05-18,1.355803
2009-05-19,1.363234
2009-05-20,1.377297
2009-05-21,1.390608
2009-05-22,1.400305
2009-05-25,1.4006969999999999
2009-05-26,1.399404
2009-05-27,1.383394
2009-05-28,1.3931069999999999
2009-05-29,1.415709
2009-06-01,1.41639
2009-06-02,1.4308610000000002
2009-06-03,1.414968
2009-06-04,1.4177959999999998
2009-06-05,1.397194
2009-06-08,1.390298
2009-06-09,1.406331
2009-06-10,1.3983860000000001
2009-06-11,1.411094
2009-06-12,1.400109
2009-06-15,1.378493
2009-06-16,1.382992
2009-06-17,1.3938059999999999
2009-06-18,1.391498
2009-06-19,1.3947
2009-06-22,1.38652
2009-06-23,1.407202
2009-06-24,1.394097
2009-06-25,1.398562
2009-06-26,1.405304
2009-06-29,1.408609
2009-06-30,1.403883
2009-07-01,1.414087
2009-07-02,1.395751
2009-07-03,1.396005
2009-07-06,1.397702
2009-07-07,1.3915950000000001
2009-07-08,1.3879059999999999
2009-07-09,1.4028
2009-07-10,1.393398
2009-07-13,1.3990120000000001
2009-07-14,1.397155
2009-07-15,1.410199
2009-07-16,1.414107
2009-07-17,1.410497
2009-07-20,1.421181
2009-07-21,1.41985
2009-07-22,1.420596
2009-07-23,1.4163299999999999
2009-07-24,1.421202
2009-07-27,1.4247040000000002
2009-07-28,1.414607
2009-07-29,1.401463
2009-07-30,1.40849
2009-07-31,1.426005
2009-08-03,1.441192
2009-08-04,1.441961
2009-08-05,1.441171
2009-08-06,1.437298
2009-08-07,1.4191040000000001
2009-08-10,1.413108
2009-08-11,1.415008
2009-08-12,1.421707
2009-08-13,1.4275930000000001
2009-08-14,1.4206969999999999
2009-08-17,1.410596
2009-08-18,1.416511
2009-08-19,1.425395
2009-08-20,1.426005
2009-08-21,1.4320899999999999
2009-08-24,1.4293069999999999
2009-08-25,1.428408
2009-08-26,1.423629
2009-08-27,1.437298
2009-08-28,1.4359979999999999
2009-08-31,1.434268
2009-09-01,1.421202
2009-09-02,1.427409
2009-09-03,1.4256389999999999
2009-09-04,1.429409
2009-09-07,1.433199
2009-09-08,1.45041
2009-09-09,1.454799
2009-09-10,1.45813
2009-09-11,1.458002
2009-09-14,1.464322
2009-09-15,1.467093
2009-09-16,1.4711940000000001
2009-09-17,1.4732969999999999
2009-09-18,1.4716049999999998
2009-09-21,1.468407
2009-09-22,1.481196
2009-09-23,1.472602
2009-09-24,1.4650940000000001
2009-09-25,1.468493
2009-09-28,1.462159
2009-09-29,1.459172
2009-09-30,1.465502
2009-10-01,1.451589
2009-10-02,1.4590020000000001
2009-10-05,1.4659959999999999
2009-10-06,1.472169
2009-10-07,1.471151
2009-10-08,1.4781309999999999
2009-10-09,1.4734049999999999
2009-10-12,1.47929
2009-10-13,1.484605
2009-10-14,1.493206
2009-10-15,1.495595
2009-10-16,1.490802
2009-10-19,1.496491
2009-10-20,1.493451
2009-10-21,1.5006899999999999
2009-10-22,1.504189
2009-10-23,1.5010059999999998
2009-10-26,1.486171
2009-10-27,1.481701
2009-10-28,1.4718
2009-10-29,1.48401
2009-10-30,1.4732969999999999
2009-11-02,1.4774100000000001
2009-11-03,1.473101
2009-11-04,1.4869
2009-11-05,1.4878069999999999
2009-11-06,1.484891
2009-11-09,1.500803
2009-11-10,1.498981
2009-11-11,1.498397
2009-11-12,1.4856850000000001
2009-11-13,1.490891
2009-11-16,1.4983739999999999
2009-11-17,1.4876969999999998
2009-11-18,1.4953940000000001
2009-11-19,1.491625
2009-11-20,1.486392
2009-11-23,1.4962
2009-11-24,1.4966700000000002
2009-11-25,1.512791
2009-11-26,1.4972969999999999
2009-11-27,1.499093
2009-11-30,1.503895
2009-12-01,1.509001
2009-12-02,1.506977
2009-12-03,1.506546
2009-12-04,1.4857069999999999
2009-12-07,1.48412
2009-12-08,1.469702
2009-12-09,1.4737959999999999
2009-12-10,1.472949
2009-12-11,1.4619030000000002
2009-12-14,1.465695
2009-12-15,1.454207
2009-12-16,1.452602
2009-12-17,1.4347
2009-12-18,1.4349049999999999
2009-12-21,1.428674
2009-12-22,1.4254360000000001
2009-12-23,1.43361
2009-12-24,1.438497
2009-12-25,1.439906
2009-12-28,1.437505
2009-12-29,1.434309
2009-12-30,1.4342059999999999
2009-12-31,1.432706
2010-01-01,1.438994
2010-01-04,1.4423979999999998
2010-01-05,1.436596
2010-01-06,1.440403
2010-01-07,1.4318030000000002
2010-01-08,1.441109
2010-01-11,1.451126
2010-01-12,1.44766
2010-01-13,1.452391
2010-01-14,1.44999
2010-01-15,1.4390969999999998
2010-01-18,1.4406729999999999
2010-01-19,1.428102
2010-01-20,1.4110340000000001
2010-01-21,1.409702
2010-01-22,1.414107
2010-01-25,1.415008
2010-01-26,1.408232
2010-01-27,1.403095
2010-01-28,1.3968040000000002
2010-01-29,1.386693
2010-02-01,1.392699
2010-02-02,1.397624
2010-02-03,1.390105
2010-02-04,1.374495
2010-02-05,1.368008
2010-02-08,1.365467
2010-02-09,1.378208
2010-02-10,1.375327
2010-02-11,1.368176
2010-02-12,1.363494
2010-02-15,1.3603040000000002
2010-02-16,1.376709
2010-02-17,1.360692
2010-02-18,1.346149
2010-02-19,1.361507
2010-02-22,1.360563
2010-02-23,1.3527040000000001
2010-02-24,1.354316
2010-02-25,1.353601
2010-02-26,1.363104
2010-03-01,1.356208
2010-03-02,1.362064
2010-03-03,1.370163
2010-03-04,1.3584
2010-03-05,1.362899
2010-03-08,1.361693
2010-03-09,1.360692
2010-03-10,1.364331
2010-03-11,1.368532
2010-03-12,1.3769930000000001
2010-03-15,1.367746
2010-03-16,1.3768790000000002
2010-03-17,1.373834
2010-03-18,1.3613959999999998
2010-03-19,1.353693
2010-03-22,1.3567049999999998
2010-03-23,1.346801
2010-03-24,1.333102
2010-03-25,1.3307069999999999
2010-03-26,1.341004
2010-03-29,1.348109
2010-03-30,1.342408
2010-03-31,1.3508040000000001
2010-04-01,1.3584
2010-04-02,1.350494
2010-04-05,1.348909
2010-04-06,1.340195
2010-04-07,1.334846
2010-04-08,1.3361120000000002
2010-04-09,1.350093
2010-04-12,1.359601
2010-04-13,1.360859
2010-04-14,1.3655979999999999
2010-04-15,1.357405
2010-04-16,1.350402
2010-04-19,1.348727
2010-04-20,1.343508
2010-04-21,1.338993
2010-04-22,1.326999
2010-04-23,1.338401
2010-04-26,1.340123
2010-04-27,1.317072
2010-04-28,1.321283
2010-04-29,1.326295
2010-04-30,1.329805
2010-05-03,1.319993
2010-05-04,1.296395
2010-05-05,1.281493
2010-05-06,1.263296
2010-05-07,1.275608
2010-05-10,1.277923
2010-05-11,1.262993
2010-05-12,1.263903
2010-05-13,1.2541069999999999
2010-05-14,1.236002
2010-05-17,1.239296
2010-05-18,1.2178930000000001
2010-05-19,1.239342
2010-05-20,1.247894
2010-05-21,1.256708
2010-05-24,1.234995
2010-05-25,1.2345979999999999
2010-05-26,1.2173
2010-05-27,1.234797
2010-05-28,1.227401
2010-05-31,1.228788
2010-06-01,1.223301
2010-06-02,1.2239
2010-06-03,1.2169450000000002
2010-06-04,1.197103
2010-06-07,1.192293
2010-06-08,1.197203
2010-06-09,1.199199
2010-06-10,1.210903
2010-06-11,1.211402
2010-06-14,1.2218069999999999
2010-06-15,1.231906
2010-06-16,1.2311940000000001
2010-06-17,1.238206
2010-06-18,1.239296
2010-06-21,1.231603
2010-06-22,1.227506
2010-06-23,1.231906
2010-06-24,1.233745
2010-06-25,1.2373020000000001
2010-06-28,1.227702
2010-06-29,1.2186350000000001
2010-06-30,1.2230020000000001
2010-07-01,1.25075
2010-07-02,1.257103
2010-07-05,1.253698
2010-07-06,1.2624030000000002
2010-07-07,1.263312
2010-07-08,1.269406
2010-07-09,1.264398
2010-07-12,1.259002
2010-07-13,1.2720870000000002
2010-07-14,1.2740479999999998
2010-07-15,1.292858
2010-07-16,1.293193
2010-07-19,1.2939459999999998
2010-07-20,1.289308
2010-07-21,1.276797
2010-07-22,1.290306
2010-07-23,1.2913059999999998
2010-07-26,1.2999
2010-07-27,1.299089
2010-07-28,1.299224
2010-07-29,1.3078049999999999
2010-07-30,1.3039
2010-08-02,1.317593
2010-08-03,1.322506
2010-08-04,1.322506
2010-08-05,1.315807
2010-08-06,1.318131
2010-08-09,1.328568
2010-08-10,1.3229959999999998
2010-08-11,1.318496
2010-08-12,1.284406
2010-08-13,1.282989
2010-08-16,1.27709
2010-08-17,1.281197
2010-08-18,1.287996
2010-08-19,1.2856450000000001
2010-08-20,1.2808030000000001
2010-08-23,1.271003
2010-08-24,1.2635040000000002
2010-08-25,1.263296
2010-08-26,1.2664
2010-08-27,1.270648
2010-08-30,1.275396
2010-08-31,1.266592
2010-09-01,1.26873
2010-09-02,1.2802950000000002
2010-09-03,1.282594
2010-09-06,1.289407
2010-09-07,1.286836
2010-09-08,1.2677969999999998
2010-09-09,1.273204
2010-09-10,1.269309
2010-09-13,1.271698
2010-09-14,1.2872
2010-09-15,1.299174
2010-09-16,1.301507
2010-09-17,1.3076
2010-09-20,1.3043930000000001
2010-09-21,1.306694
2010-09-22,1.325697
2010-09-23,1.3391
2010-09-24,1.331913
2010-09-27,1.347909
2010-09-28,1.343905
2010-09-29,1.357092
2010-09-30,1.362806
2010-10-01,1.362212
2010-10-04,1.3776950000000001
2010-10-05,1.367409
2010-10-06,1.383394
2010-10-07,1.392002
2010-10-08,1.392796
2010-10-11,1.397761
2010-10-12,1.388021
2010-10-13,1.391692
2010-10-14,1.396726
2010-10-15,1.407202
2010-10-18,1.396433
2010-10-19,1.393592
2010-10-20,1.373909
2010-10-21,1.396317
2010-10-22,1.391692
2010-10-25,1.394408
2010-10-26,1.394895
2010-10-27,1.385425
2010-10-28,1.377809
2010-10-29,1.377809
2010-11-01,1.397507
2010-11-02,1.391091
2010-11-03,1.403607
2010-11-04,1.4127290000000001
2010-11-05,1.422799
2010-11-08,1.407578
2010-11-09,1.386963
2010-11-10,1.377202
2010-11-11,1.3775620000000002
2010-11-12,1.362101
2010-11-15,1.369319
2010-11-16,1.357478
2010-11-17,1.3490540000000002
2010-11-18,1.355399
2010-11-19,1.365728
2010-11-22,1.3744379999999998
2010-11-23,1.360193
2010-11-24,1.338634
2010-11-25,1.335791
2010-11-26,1.333974
2010-11-29,1.3238020000000001
2010-11-30,1.310393
2010-12-01,1.299207
2010-12-02,1.312491
2010-12-03,1.321598
2010-12-06,1.3415979999999998
2010-12-07,1.328692
2010-12-08,1.324468
2010-12-09,1.3250819999999999
2010-12-10,1.3242049999999999
2010-12-13,1.3197139999999998
2010-12-14,1.3395489999999999
2010-12-15,1.336095
2010-12-16,1.322401
2010-12-17,1.323995
2010-12-20,1.3165
2010-12-21,1.3118020000000001
2010-12-22,1.3090030000000001
2010-12-23,1.311544
2010-12-24,1.3127149999999999
2010-12-27,1.307976
2010-12-28,1.318965
2010-12-29,1.308627
2010-12-30,1.322454
2010-12-31,1.330123
2011-01-03,1.335791
2011-01-04,1.335684
2011-01-05,1.332108
2011-01-06,1.3156860000000001
2011-01-07,1.297993
2011-01-10,1.289507
2011-01-11,1.2964959999999999
2011-01-12,1.298398
2011-01-13,1.3128360000000001
2011-01-14,1.3353270000000002
2011-01-17,1.338025
2011-01-18,1.328392
2011-01-19,1.337811
2011-01-20,1.345207
2011-01-21,1.346801
2011-01-24,1.361953
2011-01-25,1.3644049999999999
2011-01-26,1.368607
2011-01-27,1.371009
2011-01-28,1.372307
2011-01-31,1.357276
2011-02-01,1.371385
2011-02-02,1.382992
2011-02-03,1.381788
2011-02-04,1.362454
2011-02-07,1.357497
2011-02-08,1.359194
2011-02-09,1.362695
2011-02-10,1.3721
2011-02-11,1.360193
2011-02-14,1.351004
2011-02-15,1.348109
2011-02-16,1.349856
2011-02-17,1.357534
2011-02-18,1.362602
2011-02-21,1.3713469999999999
2011-02-22,1.368232
2011-02-23,1.367372
2011-02-24,1.376406
2011-02-25,1.381998
2011-02-28,1.373438
2011-03-01,1.3821510000000001
2011-03-02,1.377183
2011-03-03,1.386655
2011-03-04,1.395888
2011-03-07,1.399071
2011-03-08,1.3963940000000001
2011-03-09,1.3897959999999998
2011-03-10,1.390221
2011-03-11,1.3801290000000002
2011-03-14,1.393456
2011-03-15,1.399208
2011-03-16,1.398621
2011-03-17,1.388484
2011-03-18,1.403292
2011-03-21,1.4170530000000001
2011-03-22,1.421707
2011-03-23,1.4168120000000002
2011-03-24,1.410596
2011-03-25,1.417193
2011-03-28,1.402603
2011-03-29,1.407975
2011-03-30,1.411114
2011-03-31,1.4121299999999999
2011-04-01,1.415869
2011-04-04,1.422333
2011-04-05,1.42201
2011-04-06,1.421909
2011-04-07,1.433527
2011-04-08,1.4302059999999999
2011-04-11,1.446215
2011-04-12,1.443793
2011-04-13,1.447639
2011-04-14,1.44421
2011-04-15,1.44321
2011-04-18,1.441296
2011-04-19,1.4223940000000002
2011-04-20,1.4337950000000002
2011-04-21,1.4514
2011-04-22,1.455498
2011-04-25,1.45571
2011-04-26,1.4578959999999999
2011-04-27,1.468795
2011-04-28,1.478
2011-04-29,1.484406
2011-05-02,1.479399
2011-05-03,1.4823819999999999
2011-05-04,1.483327
2011-05-05,1.482975
2011-05-06,1.45444
2011-05-09,1.435297
2011-05-10,1.437608
2011-05-11,1.441109
2011-05-12,1.4211
2011-05-13,1.423792
2011-05-16,1.4077959999999998
2011-05-17,1.415809
2011-05-18,1.4269
2011-05-19,1.425517
2011-05-20,1.431619
2011-05-23,1.410576
2011-05-24,1.403666
2011-05-25,1.4099
2011-05-26,1.40849
2011-05-27,1.413507
2011-05-30,1.4297360000000001
2011-05-31,1.432234
2011-06-01,1.442793
2011-06-02,1.4344940000000002
2011-06-03,1.448604
2011-06-06,1.465502
2011-06-07,1.4583
2011-06-08,1.468601
2011-06-09,1.4601950000000001
2011-06-10,1.451568
2011-06-13,1.43326
2011-06-14,1.441691
2011-06-15,1.445003
2011-06-16,1.4181979999999998
2011-06-17,1.41991
2011-06-20,1.42851
2011-06-21,1.432542
2011-06-22,1.438166
2011-06-23,1.431434
2011-06-24,1.427002
2011-06-27,1.417133
2011-06-28,1.4316799999999998
2011-06-29,1.435791
2011-06-30,1.44789
2011-07-01,1.4496950000000002
2011-07-04,1.4539959999999998
2011-07-05,1.455307
2011-07-06,1.442814
2011-07-07,1.433158
2011-07-08,1.436451
2011-07-11,1.420192
2011-07-12,1.40406
2011-07-13,1.396902
2011-07-14,1.423427
2011-07-15,1.415729
2011-07-18,1.41231
2011-07-19,1.411194
2011-07-20,1.417294
2011-07-21,1.427002
2011-07-22,1.4420030000000001
2011-07-25,1.438849
2011-07-26,1.4371530000000001
2011-07-27,1.45081
2011-07-28,1.437298
2011-07-29,1.433199
2011-08-01,1.436369
2011-08-02,1.426208
2011-08-03,1.417334
2011-08-04,1.435297
2011-08-05,1.406707
2011-08-08,1.429409
2011-08-09,1.417073
2011-08-10,1.4383110000000001
2011-08-11,1.412469
2011-08-12,1.4226370000000002
2011-08-15,1.427409
2011-08-16,1.443835
2011-08-17,1.439802
2011-08-18,1.442918
2011-08-19,1.432439
2011-08-22,1.436926
2011-08-23,1.436101
2011-08-24,1.44371
2011-08-25,1.441234
2011-08-26,1.437298
2011-08-29,1.449506
2011-08-30,1.452433
2011-08-31,1.443314
2011-09-01,1.437463
2011-09-02,1.426208
2011-09-05,1.415769
2011-09-06,1.406312
2011-09-07,1.400325
2011-09-08,1.40857
2011-09-09,1.390414
2011-09-12,1.360082
2011-09-13,1.366027
2011-09-14,1.368607
2011-09-15,1.374608
2011-09-16,1.3869049999999998
2011-09-19,1.3701450000000002
2011-09-20,1.360563
2011-09-21,1.369394
2011-09-22,1.358603
2011-09-23,1.34809
2011-09-26,1.354701
2011-09-27,1.351808
2011-09-28,1.358234
2011-09-29,1.353766
2011-09-30,1.358585
2011-10-03,1.336095
2011-10-04,1.319505
2011-10-05,1.333013
2011-10-06,1.333992
2011-10-07,1.3428950000000002
2011-10-10,1.338598
2011-10-11,1.36355
2011-10-12,1.364573
2011-10-13,1.3791959999999999
2011-10-14,1.373551
2011-10-17,1.3879059999999999
2011-10-18,1.3744
2011-10-19,1.374004
2011-10-20,1.3765
2011-10-21,1.377904
2011-10-24,1.384773
2011-10-25,1.392234
2011-10-26,1.3904530000000002
2011-10-27,1.387694
2011-10-28,1.417394
2011-10-31,1.414007
2011-11-01,1.386001
2011-11-02,1.3655979999999999
2011-11-03,1.369
2011-11-04,1.382992
2011-11-07,1.37893
2011-11-08,1.376008
2011-11-09,1.3826479999999999
2011-11-10,1.352667
2011-11-11,1.361007
2011-11-14,1.378702
2011-11-15,1.362416
2011-11-16,1.3507129999999998
2011-11-17,1.3441040000000002
2011-11-18,1.345804
2011-11-21,1.352997
2011-11-22,1.348436
2011-11-23,1.352192
2011-11-24,1.3352030000000001
2011-11-25,1.333102
2011-11-28,1.331345
2011-11-29,1.3317
2011-11-30,1.33241
2011-12-01,1.344393
2011-12-02,1.346692
2011-12-05,1.341904
2011-12-06,1.33867
2011-12-07,1.341202
2011-12-08,1.340375
2011-12-09,1.334543
2011-12-12,1.337167
2011-12-13,1.317107
2011-12-14,1.301914
2011-12-15,1.298802
2011-12-16,1.302966
2011-12-19,1.303696
2011-12-20,1.3007790000000001
2011-12-21,1.308798
2011-12-22,1.304002
2011-12-23,1.3056020000000002
2011-12-26,1.3044950000000002
2011-12-27,1.305057
2011-12-28,1.307207
2011-12-29,1.292725
2011-12-30,1.295605
2012-01-02,1.296008
2012-01-03,1.294096
2012-01-04,1.3056020000000002
2012-01-05,1.293142
2012-01-06,1.279607
2012-01-09,1.268038
2012-01-10,1.277596
2012-01-11,1.275185
2012-01-12,1.272394
2012-01-13,1.282051
2012-01-16,1.264702
2012-01-17,1.266705
2012-01-18,1.2746
2012-01-19,1.286604
2012-01-20,1.2964959999999999
2012-01-23,1.288477
2012-01-24,1.302694
2012-01-25,1.3041040000000002
2012-01-26,1.3107360000000001
2012-01-27,1.3092780000000002
2012-01-30,1.3207950000000002
2012-01-31,1.313957
2012-02-01,1.3077020000000001
2012-02-02,1.3170030000000001
2012-02-03,1.313715
2012-02-06,1.3127149999999999
2012-02-07,1.3121639999999999
2012-02-08,1.3248540000000002
2012-02-09,1.3248540000000002
2012-02-10,1.3278450000000002
2012-02-13,1.323679
2012-02-14,1.3157889999999999
2012-02-15,1.3133700000000001
2012-02-16,1.305807
2012-02-17,1.3126799999999998
2012-02-20,1.322716
2012-02-21,1.320481
2012-02-22,1.3243280000000002
2012-02-23,1.325574
2012-02-24,1.3373629999999999
2012-02-27,1.346711
2012-02-28,1.340662
2012-02-29,1.3478
2012-03-01,1.33209
2012-03-02,1.332268
2012-03-05,1.318618
2012-03-06,1.322576
2012-03-07,1.3123360000000002
2012-03-08,1.313991
2012-03-09,1.3274920000000001
2012-03-12,1.312508
2012-03-13,1.316829
2012-03-14,1.308044
2012-03-15,1.302253
2012-03-16,1.307873
2012-03-19,1.317714
2012-03-20,1.322926
2012-03-21,1.323767
2012-03-22,1.321877
2012-03-23,1.320481
2012-03-26,1.3283040000000002
2012-03-27,1.3360049999999999
2012-03-28,1.332871
2012-03-29,1.332623
2012-03-30,1.331381
2012-04-02,1.335827
2012-04-03,1.333333
2012-04-04,1.322524
2012-04-05,1.314406
2012-04-06,1.306506
2012-04-09,1.307908
2012-04-10,1.311131
2012-04-11,1.30736
2012-04-12,1.311992
2012-04-13,1.318913
2012-04-16,1.3056530000000002
2012-04-17,1.3126799999999998
2012-04-18,1.3135430000000001
2012-04-19,1.311992
2012-04-20,1.3145790000000002
2012-04-23,1.320481
2012-04-24,1.315201
2012-04-25,1.319784
2012-04-26,1.3232760000000001
2012-04-27,1.3190870000000001
2012-04-30,1.324152
2012-05-01,1.323977
2012-05-02,1.323977
2012-05-03,1.3147520000000001
2012-05-04,1.315616
2012-05-07,1.297034
2012-05-08,1.306165
2012-05-09,1.2995450000000002
2012-05-10,1.293661
2012-05-11,1.2934940000000001
2012-05-14,1.28999
2012-05-15,1.283203
2012-05-16,1.2735610000000002
2012-05-17,1.273075
2012-05-18,1.269841
2012-05-21,1.277302
2012-05-22,1.281066
2012-05-23,1.266464
2012-05-24,1.256124
2012-05-25,1.2536040000000002
2012-05-28,1.256913
2012-05-29,1.252505
2012-05-30,1.247816
2012-05-31,1.237471
2012-06-01,1.2362469999999999
2012-06-04,1.240233
2012-06-05,1.2509379999999999
2012-06-06,1.246261
2012-06-07,1.257387
2012-06-08,1.2570709999999998
2012-06-11,1.264542
2012-06-12,1.247816
2012-06-13,1.250469
2012-06-14,1.257387
2012-06-15,1.262786
2012-06-18,1.2704870000000001
2012-06-19,1.259763
2012-06-20,1.26807
2012-06-21,1.26807
2012-06-22,1.2551780000000001
2012-06-25,1.2537610000000001
2012-06-26,1.250469
2012-06-27,1.248751
2012-06-28,1.247349
2012-06-29,1.244091
2012-07-02,1.265518
2012-07-03,1.258178
2012-07-04,1.260557
2012-07-05,1.251627
2012-07-06,1.239157
2012-07-09,1.227144
2012-07-10,1.23183
2012-07-11,1.22564
2012-07-12,1.224725
2012-07-13,1.219274
2012-07-16,1.22489
2012-07-17,1.2268430000000001
2012-07-18,1.229559
2012-07-19,1.227747
2012-07-20,1.227687
2012-07-23,1.212709
2012-07-24,1.212415
2012-07-25,1.206185
2012-07-26,1.214034
2012-07-27,1.228049
2012-07-30,1.230466
2012-07-31,1.225941
2012-08-01,1.229407
2012-08-02,1.22414
2012-08-03,1.218027
2012-08-06,1.2428540000000001
2012-08-07,1.239004
2012-08-08,1.238697
2012-08-09,1.237333
2012-08-10,1.229407
2012-08-13,1.227717
2012-08-14,1.232742
2012-08-15,1.23259
2012-08-16,1.228954
2012-08-17,1.2357879999999999
2012-08-20,1.233259
2012-08-21,1.2353299999999998
2012-08-22,1.2476610000000001
2012-08-23,1.253447
2012-08-24,1.256124
2012-08-27,1.250438
2012-08-28,1.250156
2012-08-29,1.2572290000000002
2012-08-30,1.253133
2012-08-31,1.251095
2012-09-03,1.257703
2012-09-04,1.258653
2012-09-05,1.253447
2012-09-06,1.2602389999999999
2012-09-07,1.263264
2012-09-10,1.279591
2012-09-11,1.276161
2012-09-12,1.285182
2012-09-13,1.2903229999999999
2012-09-14,1.299376
2012-09-17,1.311648
2012-09-18,1.3110110000000001
2012-09-19,1.3046309999999999
2012-09-20,1.3058239999999999
2012-09-21,1.297353
2012-09-24,1.296849
2012-09-25,1.294163
2012-09-26,1.290006
2012-09-27,1.288162
2012-09-28,1.2913219999999999
2012-10-01,1.280902
2012-10-02,1.288826
2012-10-03,1.291656
2012-10-04,1.292324
2012-10-05,1.301744
2012-10-08,1.301575
2012-10-09,1.29769
2012-10-10,1.285843
2012-10-11,1.285843
2012-10-12,1.293326
2012-10-15,1.294331
2012-10-16,1.296849
2012-10-17,1.3107879999999998
2012-10-18,1.311648
2012-10-19,1.306916
2012-10-22,1.302253
2012-10-23,1.3070190000000002
2012-10-24,1.297353
2012-10-25,1.296512
2012-10-26,1.293828
2012-10-29,1.2924069999999999
2012-10-30,1.290822
2012-10-31,1.29626
2012-11-01,1.296512
2012-11-02,1.294834
2012-11-05,1.282791
2012-11-06,1.280246
2012-11-07,1.2808030000000001
2012-11-08,1.275998
2012-11-09,1.274535
2012-11-12,1.272394
2012-11-13,1.2709709999999999
2012-11-14,1.2709709999999999
2012-11-15,1.2732370000000002
2012-11-16,1.278445
2012-11-19,1.27595
2012-11-20,1.276944
2012-11-21,1.281443
2012-11-22,1.286505
2012-11-23,1.287515
2012-11-26,1.2965959999999999
2012-11-27,1.298701
2012-11-28,1.293828
2012-11-29,1.2953370000000002
2012-11-30,1.297353
2012-12-03,1.29968
2012-12-04,
2012-12-05,1.3099290000000001
2012-12-06,1.3070190000000002
2012-12-07,1.296344
2012-12-10,1.290606
2012-12-11,1.293828
2012-12-12,1.301321
2012-12-13,1.306677
2012-12-14,1.307873
2012-12-17,1.316586
2012-12-18,1.316482
2012-12-19,1.323101
2012-12-20,1.321528
2012-12-21,1.323767
2012-12-24,1.3182
2012-12-25,1.318044
2012-12-26,1.318044
2012-12-27,1.322576
2012-12-28,1.32503
2012-12-31,1.322769
2013-01-01,1.3201319999999999
2013-01-02,1.319784
2013-01-03,1.3182180000000001
2013-01-04,1.3032709999999998
2013-01-07,1.306745
2013-01-08,1.312508
2013-01-09,1.308233
2013-01-10,1.305483
2013-01-11,1.327316
2013-01-14,1.3362020000000001
2013-01-15,1.337793
2013-01-16,1.330849
2013-01-17,1.3290799999999998
2013-01-18,1.337256
2013-01-21,1.332001
2013-01-22,1.33115
2013-01-23,1.3313979999999999
2013-01-24,1.330849
2013-01-25,1.336934
2013-01-28,1.346602
2013-01-29,1.3446280000000002
2013-01-30,1.349164
2013-01-31,1.356834
2013-02-01,1.3611
2013-02-04,1.364871
2013-02-05,1.351169
2013-02-06,1.358142
2013-02-07,1.352393
2013-02-08,1.3389389999999999
2013-02-11,1.336827
2013-02-12,1.340357
2013-02-13,1.345207
2013-02-14,1.344447
2013-02-15,1.335292
2013-02-18,1.334401
2013-02-19,1.3347209999999998
2013-02-20,1.339585
2013-02-21,1.327316
2013-02-22,1.3194350000000001
2013-02-25,1.319592
2013-02-26,1.306506
2013-02-27,1.306592
2013-02-28,1.315097
2013-03-01,1.305995
2013-03-04,1.301693
2013-03-05,1.303611
2013-03-06,1.304853
2013-03-07,1.297858
2013-03-08,1.311131
2013-03-11,1.298802
2013-03-12,1.3032709999999998
2013-03-13,1.302932
2013-03-14,1.2958399999999999
2013-03-15,1.301236
2013-03-18,1.289275
2013-03-19,1.294498
2013-03-20,1.286389
2013-03-21,1.294163
2013-03-22,1.290489
2013-03-25,1.302406
2013-03-26,1.285843
2013-03-27,1.286008
2013-03-28,1.277792
2013-03-29,1.281591
2013-04-01,1.2805739999999999
2013-04-02,1.285017
2013-04-03,1.282051
2013-04-04,1.285017
2013-04-05,1.292825
2013-04-08,1.299207
2013-04-09,1.302932
2013-04-10,1.308027
2013-04-11,1.305534
2013-04-12,1.311475
2013-04-15,1.3099290000000001
2013-04-16,1.305466
2013-04-17,1.31787
2013-04-18,1.303492
2013-04-19,1.305313
2013-04-22,1.305568
2013-04-23,1.306165
2013-04-24,1.299444
2013-04-25,1.301744
2013-04-26,1.300728
2013-04-29,1.304257
2013-04-30,1.3095860000000001
2013-05-01,1.316829
2013-05-02,1.3182180000000001
2013-05-03,1.306506
2013-05-06,1.3123360000000002
2013-05-07,1.3070190000000002
2013-05-08,1.3077020000000001
2013-05-09,1.316136
2013-05-10,1.303441
2013-05-13,1.296529
2013-05-14,1.298802
2013-05-15,1.293711
2013-05-16,1.288245
2013-05-17,1.2883280000000001
2013-05-20,1.283565
2013-05-21,1.289108
2013-05-22,1.291906
2013-05-23,1.284208
2013-05-24,1.292507
2013-05-27,1.293778
2013-05-28,1.293393
2013-05-29,1.284637
2013-05-30,1.294783
2013-05-31,1.3043930000000001
2013-06-03,1.2996459999999999
2013-06-04,1.307292
2013-06-05,1.307343
2013-06-06,1.3093290000000002
2013-06-07,1.3245559999999998
2013-06-10,1.322401
2013-06-11,1.322401
2013-06-12,1.322401
2013-06-13,1.333956
2013-06-14,1.336791
2013-06-17,1.334864
2013-06-18,1.336309
2013-06-19,1.338993
2013-06-20,1.329186
2013-06-21,1.3235569999999999
2013-06-24,1.31053
2013-06-25,1.313232
2013-06-26,1.307976
2013-06-27,1.3013379999999999
2013-06-28,1.3035940000000001
2013-07-01,1.3014059999999998
2013-07-02,1.306762
2013-07-03,1.297892
2013-07-04,1.301084
2013-07-05,1.290772
2013-07-08,1.282907
2013-07-09,1.287101
2013-07-10,1.278184
2013-07-11,1.318774
2013-07-12,1.309775
2013-07-15,1.305995
2013-07-16,1.305875
2013-07-17,1.315115
2013-07-18,1.311699
2013-07-19,1.3110629999999999
2013-07-22,1.3159969999999999
2013-07-23,1.319035
2013-07-24,1.322332
2013-07-25,1.3190870000000001
2013-07-26,1.3274219999999999
2013-07-29,1.328745
2013-07-30,1.326365
2013-07-31,1.326489
2013-08-01,1.330141
2013-08-02,1.3211959999999998
2013-08-05,1.327898
2013-08-06,1.32575
2013-08-07,1.330814
2013-08-08,1.334098
2013-08-09,1.338007
2013-08-12,1.3339379999999998
2013-08-13,1.329292
2013-08-14,1.326559
2013-08-15,1.326418
2013-08-16,1.335399
2013-08-19,1.332907
2013-08-20,1.333387
2013-08-21,1.3421020000000001
2013-08-22,1.334294
2013-08-23,1.3355059999999999
2013-08-26,1.338652
2013-08-27,1.337918
2013-08-28,1.339208
2013-08-29,1.333493
2013-08-30,1.323627
2013-09-02,1.32083
2013-09-03,1.319
2013-09-04,1.317402
2013-09-05,1.320062
2013-09-06,1.3118370000000001
2013-09-09,1.3174190000000001
2013-09-10,1.325803
2013-09-11,1.326629
2013-09-12,1.331558
2013-09-13,1.329893
2013-09-16,1.335934
2013-09-17,1.333796
2013-09-18,1.335791
2013-09-19,1.3523020000000001
2013-09-20,1.353418
2013-09-23,1.3534549999999999
2013-09-24,1.349892
2013-09-25,1.3471819999999999
2013-09-26,1.351698
2013-09-27,1.348618
2013-09-30,1.349546
2013-10-01,1.3525209999999999
2013-10-02,1.3523379999999998
2013-10-03,1.359102
2013-10-04,1.362416
2013-10-07,1.356999
2013-10-08,
2013-10-09,1.359804
2013-10-10,1.352027
2013-10-11,1.352667
2013-10-14,1.355675
2013-10-15,1.355859
2013-10-16,1.352174
2013-10-17,1.352247
2013-10-18,1.3666989999999999
2013-10-21,1.368195
2013-10-22,1.3675959999999998
2013-10-23,1.377847
2013-10-24,1.3780940000000002
2013-10-25,1.380396
2013-10-28,1.3805290000000001
2013-10-29,1.37893
2013-10-30,1.374306
2013-10-31,1.372401
2013-11-01,1.357976
2013-11-04,1.3494
2013-11-05,1.351698
2013-11-06,1.347309
2013-11-07,1.351808
2013-11-08,1.340914
2013-11-11,1.3347930000000001
2013-11-12,1.340932
2013-11-13,1.343996
2013-11-14,1.348963
2013-11-15,1.344899
2013-11-18,1.348399
2013-11-19,1.350439
2013-11-20,1.3567420000000001
2013-11-21,1.343382
2013-11-22,1.3471819999999999
2013-11-25,1.355234
2013-11-26,1.352759
2013-11-27,1.3567790000000002
2013-11-28,1.3573680000000001
2013-11-29,1.360396
2013-12-02,1.358511
2013-12-03,1.354206
2013-12-04,1.359065
2013-12-05,1.35864
2013-12-06,1.366998
2013-12-09,1.370652
2013-12-10,1.374023
2013-12-11,1.376444
2013-12-12,1.378607
2013-12-13,1.375081
2013-12-16,1.373928
2013-12-17,1.376292
2013-12-18,1.377126
2013-12-19,1.368495
2013-12-20,1.365579
2013-12-23,1.367839
2013-12-24,1.3699940000000002
2013-12-25,1.368195
2013-12-26,1.366848
2013-12-27,1.3696190000000001
2013-12-30,1.375024
2013-12-31,1.381006
2014-01-01,1.374495
2014-01-02,1.376671
2014-01-03,1.366662
2014-01-06,1.359601
2014-01-07,1.3631959999999999
2014-01-08,1.361637
2014-01-09,1.357202
2014-01-10,1.360711
2014-01-13,1.367185
2014-01-14,1.366998
2014-01-15,1.366848
2014-01-16,1.359934
2014-01-17,1.361804
2014-01-20,1.352759
2014-01-21,1.354903
2014-01-22,1.3559139999999998
2014-01-23,1.3542239999999999
2014-01-24,1.3689069999999999
2014-01-27,1.368794
2014-01-28,1.367465
2014-01-29,1.365505
2014-01-30,1.365859
2014-01-31,1.355877
2014-02-03,1.348818
2014-02-04,1.352503
2014-02-05,1.351589
2014-02-06,1.35351
2014-02-07,1.359213
2014-02-10,1.361934
2014-02-11,1.36461
2014-02-12,1.363903
2014-02-13,1.35901
2014-02-14,1.367877
2014-02-17,1.3699940000000002
2014-02-18,1.3704450000000001
2014-02-19,1.376197
2014-02-20,1.373042
2014-02-21,1.372119
2014-02-24,1.373796
2014-02-25,1.373608
2014-02-26,1.374608
2014-02-27,1.368195
2014-02-28,1.370746
2014-03-03,1.3776950000000001
2014-03-04,1.373702
2014-03-05,1.374117
2014-03-06,1.373419
2014-03-07,1.386309
2014-03-10,1.387867
2014-03-11,1.387887
2014-03-12,1.385809
2014-03-13,1.3904530000000002
2014-03-14,1.386539
2014-03-17,1.391304
2014-03-18,1.3926610000000001
2014-03-19,1.3930879999999999
2014-03-20,1.3819219999999999
2014-03-21,1.378208
2014-03-24,1.379558
2014-03-25,1.383892
2014-03-26,1.381903
2014-03-27,1.378208
2014-03-28,1.374136
2014-03-31,1.375213
2014-04-01,1.377505
2014-04-02,1.3794819999999999
2014-04-03,1.376823
2014-04-04,1.372382
2014-04-07,1.370407
2014-04-08,1.374306
2014-04-09,1.379329
2014-04-10,1.385502
2014-04-11,1.3886379999999998
2014-04-14,1.38462
2014-04-15,1.381712
2014-04-16,1.3811959999999999
2014-04-17,1.3827049999999999
2014-04-18,1.381216
2014-04-21,1.381521
2014-04-22,1.379501
2014-04-23,1.381006
2014-04-24,1.3819219999999999
2014-04-25,1.383202
2014-04-28,1.384064
2014-04-29,1.385291
2014-04-30,1.381368
2014-05-01,1.386924
2014-05-02,1.387097
2014-05-05,1.38727
2014-05-06,1.3875979999999999
2014-05-07,1.393068
2014-05-08,1.391169
2014-05-09,1.384428
2014-05-12,1.3760649999999999
2014-05-13,1.375667
2014-05-14,1.370952
2014-05-15,1.372006
2014-05-16,1.371648
2014-05-19,1.3703319999999999
2014-05-20,1.371385
2014-05-21,1.370407
2014-05-22,1.368176
2014-05-23,1.365449
2014-05-26,1.362881
2014-05-27,1.365132
2014-05-28,1.3636979999999999
2014-05-29,1.359342
2014-05-30,1.360452
2014-06-02,1.362806
2014-06-03,1.359897
2014-06-04,1.362101
2014-06-05,1.360415
2014-06-06,1.366195
2014-06-09,1.3642940000000001
2014-06-10,1.359268
2014-06-11,1.354096
2014-06-12,1.353711
2014-06-13,1.3554540000000002
2014-06-16,1.353803
2014-06-17,1.357718
2014-06-18,1.3547930000000001
2014-06-19,1.359065
2014-06-20,1.361137
2014-06-23,1.359305
2014-06-24,1.360193
2014-06-25,1.360581
2014-06-26,1.362899
2014-06-27,1.361304
2014-06-30,1.364443
2014-07-01,1.369357
2014-07-02,1.368083
2014-07-03,1.3653
2014-07-04,1.361007
2014-07-07,1.358843
2014-07-08,1.360618
2014-07-09,1.3617110000000001
2014-07-10,1.3642940000000001
2014-07-11,1.360507
2014-07-14,1.360378
2014-07-15,1.362175
2014-07-16,1.357202
2014-07-17,1.352997
2014-07-18,1.3518809999999999
2014-07-21,1.3532170000000001
2014-07-22,1.3527040000000001
2014-07-23,1.346801
2014-07-24,1.346294
2014-07-25,1.346475
2014-07-28,1.3428950000000002
2014-07-29,1.343905
2014-07-30,1.341112
2014-07-31,1.339603
2014-08-01,1.338993
2014-08-04,1.3428950000000002
2014-08-05,1.3422100000000001
2014-08-06,1.337238
2014-08-07,1.338294
2014-08-08,1.335827
2014-08-11,1.340518
2014-08-12,1.3384909999999999
2014-08-13,1.3366120000000001
2014-08-14,1.336791
2014-08-15,1.336398
2014-08-18,1.3390469999999999
2014-08-19,1.3361120000000002
2014-08-20,1.3321969999999999
2014-08-21,1.326049
2014-08-22,1.327933
2014-08-25,1.319871
2014-08-26,1.3188959999999998
2014-08-27,1.31702
2014-08-28,1.3190870000000001
2014-08-29,1.318496
2014-09-01,1.312784
2014-09-02,1.3131979999999999
2014-09-03,1.3131979999999999
2014-09-04,1.315097
2014-09-05,1.293276
2014-09-08,1.2953370000000002
2014-09-09,1.289108
2014-09-10,1.294197
2014-09-11,1.291706
2014-09-12,1.292357
2014-09-15,1.296008
2014-09-16,1.293979
2014-09-17,1.295908
2014-09-18,1.285
2014-09-19,1.292006
2014-09-22,1.2841420000000001
2014-09-23,1.2851489999999999
2014-09-24,1.285397
2014-09-25,1.277808
2014-09-26,1.2757049999999999
2014-09-29,1.267315
2014-09-30,1.269084
2014-10-01,1.262834
2014-10-02,1.262419
2014-10-03,1.267058
2014-10-06,1.2513610000000002
2014-10-07,1.264606
2014-10-08,1.266801
2014-10-09,1.274307
2014-10-10,1.268907
2014-10-13,1.263983
2014-10-14,1.272394
2014-10-15,1.263903
2014-10-16,1.282166
2014-10-17,1.280442
2014-10-20,1.274957
2014-10-21,1.279525
2014-10-22,1.271472
2014-10-23,1.264143
2014-10-24,1.265406
2014-10-27,1.267668
2014-10-28,1.270148
2014-10-29,1.273837
2014-10-30,1.26328
2014-10-31,1.261336
2014-11-03,1.250313
2014-11-04,1.249594
2014-11-05,1.255256
2014-11-06,1.248003
2014-11-07,1.238007
2014-11-10,1.246137
2014-11-11,1.242993
2014-11-12,1.2475829999999999
2014-11-13,1.242993
2014-11-14,1.247598
2014-11-17,1.251846
2014-11-18,1.244896
2014-11-19,1.2533370000000001
2014-11-20,1.254076
2014-11-21,1.254501
2014-11-24,1.237501
2014-11-25,1.243317
2014-11-26,1.248065
2014-11-27,1.250594
2014-11-28,1.246199
2014-12-01,1.2438280000000002
2014-12-02,1.247007
2014-12-03,1.23885
2014-12-04,1.2316639999999999
2014-12-05,1.238666
2014-12-08,1.229407
2014-12-09,1.2315120000000002
2014-12-10,1.239495
2014-12-11,1.247396
2014-12-12,1.239495
2014-12-15,1.2463540000000002
2014-12-16,1.2443540000000002
2014-12-17,1.251204
2014-12-18,1.233898
2014-12-19,1.2290450000000002
2014-12-22,1.222599
2014-12-23,1.222374
2014-12-24,1.217493
2014-12-25,1.219854
2014-12-26,1.221001
2014-12-29,1.2169450000000002
2014-12-30,1.215347
2014-12-31,1.216205
2015-01-01,1.209863
2015-01-02,1.208941
2015-01-05,1.1946430000000001
2015-01-06,1.193902
2015-01-07,1.1875360000000001
2015-01-08,1.1836
2015-01-09,1.179607
2015-01-12,1.18707
2015-01-13,1.183152
2015-01-14,1.177829
2015-01-15,1.178592
2015-01-16,1.163738
2015-01-19,1.1566040000000002
2015-01-20,1.159797
2015-01-21,1.154694
2015-01-22,1.161535
2015-01-23,1.134675
2015-01-26,1.1125450000000001
2015-01-27,1.124771
2015-01-28,1.136738
2015-01-29,1.1281459999999999
2015-01-30,1.133556
2015-02-02,1.130902
2015-02-03,1.1341729999999999
2015-02-04,1.145738
2015-02-05,1.131875
2015-02-06,1.147197
2015-02-09,1.1314389999999999
2015-02-10,1.132695
2015-02-11,1.132195
2015-02-12,1.1311959999999999
2015-02-13,1.1403940000000001
2015-02-16,1.140004
2015-02-17,1.133401
2015-02-18,1.140472
2015-02-19,1.140004
2015-02-20,1.136674
2015-02-23,1.138148
2015-02-24,1.133299
2015-02-25,1.133903
2015-02-26,1.136364
2015-02-27,1.120536
2015-03-02,1.116196
2015-03-03,1.117905
2015-03-04,1.118218
2015-03-05,1.1082049999999999
2015-03-06,1.103205
2015-03-09,1.0845989999999999
2015-03-10,1.0833409999999999
2015-03-11,1.07087
2015-03-12,1.054875
2015-03-13,1.0626309999999999
2015-03-16,1.048163
2015-03-17,1.057295
2015-03-18,1.0598049999999999
2015-03-19,1.084999
2015-03-20,1.066894
2015-03-23,1.082661
2015-03-24,1.0944989999999999
2015-03-25,1.090203
2015-03-26,1.096047
2015-03-27,1.088637
2015-03-30,1.088495
2015-03-31,1.083025
2015-04-01,1.073814
2015-04-02,1.076994
2015-04-03,1.087075
2015-04-06,1.100134
2015-04-07,1.093482
2015-04-08,1.082415
2015-04-09,1.0785280000000002
2015-04-10,1.066906
2015-04-13,1.060985
2015-04-14,1.057295
2015-04-15,1.064713
2015-04-16,1.06768
2015-04-17,1.075558
2015-04-20,1.081023
2015-04-21,1.074749
2015-04-22,1.074172
2015-04-23,1.072582
2015-04-24,1.081502
2015-04-27,1.086897
2015-04-28,1.087796
2015-04-29,1.096912
2015-04-30,1.111432
2015-05-01,1.121466
2015-05-04,1.118593
2015-05-05,1.114914
2015-05-06,1.118631
2015-05-07,1.134147
2015-05-08,1.124695
2015-05-11,1.119407
2015-05-12,1.114442
2015-05-13,1.1221459999999999
2015-05-14,1.135048
2015-05-15,1.140498
2015-05-18,1.1445049999999999
2015-05-19,1.1326180000000001
2015-05-20,1.114666
2015-05-21,1.110075
2015-05-22,1.111185
2015-05-25,1.0993
2015-05-26,1.097117
2015-05-27,1.088886
2015-05-28,1.090001
2015-05-29,1.096035
2015-06-01,1.0957940000000002
2015-06-02,1.092299
2015-06-03,1.1150010000000001
2015-06-04,1.1257840000000001
2015-06-05,1.120787
2015-06-08,1.1108149999999999
2015-06-09,1.128095
2015-06-10,1.129905
2015-06-11,1.1311959999999999
2015-06-12,1.1240629999999998
2015-06-15,1.1219940000000002
2015-06-16,1.127701
2015-06-17,1.1242020000000001
2015-06-18,1.136997
2015-06-19,1.137074
2015-06-22,1.137294
2015-06-23,1.134906
2015-06-24,1.117219
2015-06-25,1.120699
2015-06-26,1.120298
2015-06-29,1.097502
2015-06-30,1.1222969999999999
2015-07-01,1.113499
2015-07-02,1.1033629999999999
2015-07-03,1.108697
2015-07-06,1.099505
2015-07-07,1.104899
2015-07-08,1.100994
2015-07-09,1.1071010000000001
2015-07-10,1.1063049999999999
2015-07-13,1.1129040000000001
2015-07-14,1.099046
2015-07-15,1.1008
2015-07-16,1.094355
2015-07-17,1.088601
2015-07-20,1.083025
2015-07-21,1.083541
2015-07-22,1.093996
2015-07-23,1.092705
2015-07-24,1.0989010000000001
2015-07-27,1.097237
2015-07-28,1.109004
2015-07-29,1.1065989999999999
2015-07-30,1.098406
2015-07-31,1.093924
2015-08-03,1.0969
2015-08-04,1.095602
2015-08-05,1.088898
2015-08-06,1.0903100000000001
2015-08-07,1.092705
2015-08-10,1.096503
2015-08-11,1.101698
2015-08-12,1.1042040000000002
2015-08-13,1.116096
2015-08-14,1.116096
2015-08-17,1.109299
2015-08-18,1.1078
2015-08-19,1.103083
2015-08-20,1.111803
2015-08-21,1.123697
2015-08-24,1.1376950000000001
2015-08-25,1.158306
2015-08-26,1.155095
2015-08-27,1.134005
2015-08-28,1.124796
2015-08-31,1.1214030000000001
2015-09-01,1.122586
2015-09-02,1.1293440000000001
2015-09-03,1.121604
2015-09-04,1.112595
2015-09-07,1.1152
2015-09-08,1.116395
2015-09-09,1.120737
2015-09-10,1.1220700000000001
2015-09-11,1.129089
2015-09-14,1.1344040000000002
2015-09-15,1.1307610000000001
2015-09-16,1.1271799999999998
2015-09-17,1.129203
2015-09-18,1.140095
2015-09-21,1.129203
2015-09-22,1.119094
2015-09-23,1.112075
2015-09-24,1.118994
2015-09-25,1.117893
2015-09-28,1.120172
2015-09-29,1.123103
2015-09-30,1.125594
2015-10-01,1.117206
2015-10-02,1.1193440000000001
2015-10-05,1.1227
2015-10-06,1.11952
2015-10-07,1.1267989999999999
2015-10-08,1.124
2015-10-09,1.128694
2015-10-12,1.136997
2015-10-13,1.135551
2015-10-14,1.138498
2015-10-15,1.1475520000000001
2015-10-16,1.136816
2015-10-19,1.136105
2015-10-20,1.132901
2015-10-21,1.1353959999999998
2015-10-22,1.134803
2015-10-23,1.108095
2015-10-26,1.1020379999999999
2015-10-27,1.1065989999999999
2015-10-28,1.103704
2015-10-29,1.0928959999999999
2015-10-30,1.099384
2015-11-02,1.1025969999999998
2015-11-03,1.101601
2015-11-04,1.096395
2015-11-05,1.086803
2015-11-06,1.0884
2015-11-09,1.0733409999999999
2015-11-10,1.075951
2015-11-11,1.073756
2015-11-12,1.076299
2015-11-13,1.081502
2015-11-16,1.069999
2015-11-17,1.068799
2015-11-18,1.0643850000000001
2015-11-19,1.066997
2015-11-20,1.072616
2015-11-23,1.064101
2015-11-24,1.064203
2015-11-25,1.0643850000000001
2015-11-26,1.0624959999999999
2015-11-27,1.060445
2015-11-30,1.058302
2015-12-01,1.057295
2015-12-02,1.062586
2015-12-03,1.061301
2015-12-04,1.091596
2015-12-07,1.0884
2015-12-08,1.0834
2015-12-09,1.0893959999999998
2015-12-10,1.101795
2015-12-11,1.094811
2015-12-14,1.098394
2015-12-15,1.0993
2015-12-16,1.093625
2015-12-17,1.087453
2015-12-18,1.08441
2015-12-21,1.086992
2015-12-22,1.0912979999999999
2015-12-23,1.095002
2015-12-24,1.090917
2015-12-25,1.0969959999999999
2015-12-28,1.0965989999999999
2015-12-29,1.097526
2015-12-30,1.092801
2015-12-31,1.0933979999999999
2016-01-01,1.085906
2016-01-04,1.085399
2016-01-05,1.082755
2016-01-06,1.075199
2016-01-07,1.0779
2016-01-08,1.092598
2016-01-11,1.0941040000000002
2016-01-12,1.0858
2016-01-13,1.084399
2016-01-14,1.088601
2016-01-15,1.0858940000000001
2016-01-18,1.092001
2016-01-19,1.089503
2016-01-20,1.0912979999999999
2016-01-21,1.087701
2016-01-22,1.086201
2016-01-25,1.0799020000000001
2016-01-26,1.085305
2016-01-27,1.086496
2016-01-28,1.090798
2016-01-29,1.093697
2016-02-01,1.082591
2016-02-02,1.089728
2016-02-03,1.0922040000000002
2016-02-04,1.109102
2016-02-05,1.119996
2016-02-08,1.1145040000000002
2016-02-09,1.118981
2016-02-10,1.128999
2016-02-11,1.128095
2016-02-12,1.1317979999999999
2016-02-15,1.122599
2016-02-16,1.117406
2016-02-17,1.114703
2016-02-18,1.112298
2016-02-19,1.111099
2016-02-22,1.1123969999999999
2016-02-23,1.102803
2016-02-24,1.102706
2016-02-25,1.101394
2016-02-26,1.102499
2016-02-29,1.092395
2016-03-01,1.088898
2016-03-02,1.087595
2016-03-03,1.086897
2016-03-04,1.0948950000000002
2016-03-07,1.0993959999999998
2016-03-08,1.101601
2016-03-09,1.100401
2016-03-10,1.0989010000000001
2016-03-11,1.117843
2016-03-14,1.116794
2016-03-15,1.110198
2016-03-16,1.110901
2016-03-17,1.121894
2016-03-18,1.1317979999999999
2016-03-21,1.127904
2016-03-22,1.1235950000000001
2016-03-23,1.1222969999999999
2016-03-24,1.118105
2016-03-25,1.116794
2016-03-28,1.115997
2016-03-29,1.120272
2016-03-30,1.129203
2016-03-31,1.133466
2016-04-01,1.137967
2016-04-04,1.1390040000000001
2016-04-05,1.1389
2016-04-06,1.1382
2016-04-07,1.140498
2016-04-08,1.137398
2016-04-11,1.140303
2016-04-12,1.141292
2016-04-13,1.138498
2016-04-14,1.127904
2016-04-15,1.127002
2016-04-18,1.129995
2016-04-19,1.130902
2016-04-20,1.1359629999999998
2016-04-21,1.130506
2016-04-22,1.129203
2016-04-25,1.123406
2016-04-26,1.1269
2016-04-27,1.129905
2016-04-28,1.132901
2016-04-29,1.135589
2016-05-02,1.146303
2016-05-03,1.152499
2016-05-04,1.150404
2016-05-05,1.149306
2016-05-06,1.1406020000000001
2016-05-09,1.1387969999999998
2016-05-10,1.1387969999999998
2016-05-11,1.1374360000000001
2016-05-12,1.1427
2016-05-13,1.1376950000000001
2016-05-16,1.1316950000000001
2016-05-17,1.131606
2016-05-18,1.131606
2016-05-19,1.1222969999999999
2016-05-20,1.120599
2016-05-23,1.1221709999999998
2016-05-24,1.121604
2016-05-25,1.113797
2016-05-26,1.115897
2016-05-27,1.119207
2016-05-30,1.111
2016-05-31,1.11484
2016-06-01,1.1135979999999999
2016-06-02,1.118906
2016-06-03,1.1152
2016-06-06,1.1351
2016-06-07,1.1364020000000001
2016-06-08,1.135783
2016-06-09,1.140706
2016-06-10,1.1315030000000001
2016-06-13,1.124
2016-06-14,1.129102
2016-06-15,1.121302
2016-06-16,1.126266
2016-06-17,1.1252010000000001
2016-06-20,1.134906
2016-06-21,1.132298
2016-06-22,1.125062
2016-06-23,1.132824
2016-06-24,1.1324
2016-06-27,1.103594
2016-06-28,1.1015030000000001
2016-06-29,1.1073950000000001
2016-06-30,1.1128049999999998
2016-07-01,1.1106049999999998
2016-07-04,1.113102
2016-07-05,1.1146040000000002
2016-07-06,1.106501
2016-07-07,1.109903
2016-07-08,1.106574
2016-07-11,1.104399
2016-07-12,1.105803
2016-07-13,1.106293
2016-07-14,1.1094959999999998
2016-07-15,1.1106049999999998
2016-07-18,1.105314
2016-07-19,1.1071870000000001
2016-07-20,1.101358
2016-07-21,1.101953
2016-07-22,1.1032899999999999
2016-07-25,1.097045
2016-07-26,1.099118
2016-07-27,1.0987799999999999
2016-07-28,1.107346
2016-07-29,1.1084379999999998
2016-08-01,1.1168069999999999
2016-08-02,1.1168069999999999
2016-08-03,1.1219059999999998
2016-08-04,1.11515
2016-08-05,1.113474
2016-08-08,1.108955
2016-08-09,1.108365
2016-08-10,1.11158
2016-08-11,1.118643
2016-08-12,1.113908
2016-08-15,1.116695
2016-08-16,1.118406
2016-08-17,1.127599
2016-08-18,1.129892
2016-08-19,1.134945
2016-08-22,1.129816
2016-08-23,1.131926
2016-08-24,1.130084
2016-08-25,1.12638
2016-08-26,1.12905
2016-08-29,1.1199459999999999
2016-08-30,1.1192819999999999
2016-08-31,1.115324
2016-09-01,1.1160709999999998
2016-09-02,1.120072
2016-09-05,1.116196
2016-09-06,1.115324
2016-09-07,1.125366
2016-09-08,1.124101
2016-09-09,1.127142
2016-09-12,1.124113
2016-09-13,1.124354
2016-09-14,1.121869
2016-09-15,1.124733
2016-09-16,1.124594
2016-09-19,1.115847
2016-09-20,1.118068
2016-09-21,1.115399
2016-09-22,1.119319
2016-09-23,1.1210129999999998
2016-09-26,1.123924
2016-09-27,1.124986
2016-09-28,1.1219569999999999
2016-09-29,1.122498
2016-09-30,1.1219569999999999
2016-10-03,1.123469
2016-10-04,1.121039
2016-10-05,1.121076
2016-10-06,1.120825
2016-10-07,1.114455
2016-10-10,1.119695
2016-10-11,1.114082
2016-10-12,1.106195
2016-10-13,1.1011879999999998
2016-10-14,1.1049719999999998
2016-10-17,1.0967799999999999
2016-10-18,1.101564
2016-10-19,1.097695
2016-10-20,1.0975139999999999
2016-10-21,1.09304
2016-10-24,1.088258
2016-10-25,1.087548
2016-10-26,1.088732
2016-10-27,1.0912030000000001
2016-10-28,1.0900370000000001
2016-10-31,1.098467
2016-11-01,1.097333
2016-11-02,1.105705
2016-11-03,1.1097549999999998
2016-11-04,1.110248
2016-11-07,1.1101239999999999
2016-11-08,1.1052170000000001
2016-11-09,1.101904
2016-11-10,1.092061
2016-11-11,1.088969
2016-11-14,1.0824850000000001
2016-11-15,1.075038
2016-11-16,1.0727309999999999
2016-11-17,1.0706639999999998
2016-11-18,1.0623040000000001
2016-11-21,1.058425
2016-11-22,1.063886
2016-11-23,1.063377
2016-11-24,1.054519
2016-11-25,1.056189
2016-11-28,1.061233
2016-11-29,1.062135
2016-11-30,1.064849
2016-12-01,1.05921
2016-12-02,1.066314
2016-12-05,1.058201
2016-12-06,1.075732
2016-12-07,1.072041
2016-12-08,1.076195
2016-12-09,1.062135
2016-12-12,1.054741
2016-12-13,1.0641690000000001
2016-12-14,1.062925
2016-12-15,1.0514139999999998
2016-12-16,1.041884
2016-12-19,1.0449979999999999
2016-12-20,1.040583
2016-12-21,1.0390469999999998
2016-12-22,1.0428620000000002
2016-12-23,1.043765
2016-12-26,1.0454780000000001
2016-12-27,1.0456969999999999
2016-12-28,1.046233
2016-12-29,1.041699
2016-12-30,1.0575299999999999
2017-01-02,1.052698
2017-01-03,1.046003
2017-01-04,1.041992
2017-01-05,1.050089
2017-01-06,1.060592
2017-01-09,1.053186
2017-01-10,1.058862
2017-01-11,1.055242
2017-01-12,1.059771
2017-01-13,1.061684
2017-01-16,1.062869
2017-01-17,1.0602989999999999
2017-01-18,1.069679
2017-01-19,1.062778
2017-01-20,1.065973
2017-01-23,1.071375
2017-01-24,1.076079
2017-01-25,1.072869
2017-01-26,1.075199
2017-01-27,1.068296
2017-01-30,1.0713979999999999
2017-01-31,1.070859
2017-02-01,1.08038
2017-02-02,1.076739
2017-02-03,1.076171
2017-02-06,1.078295
2017-02-07,1.074322
2017-02-08,1.067806
2017-02-09,1.069221
2017-02-10,1.0658590000000001
2017-02-13,1.061954
2017-02-14,1.05985
2017-02-15,1.0578319999999999
2017-02-16,1.060738
2017-02-17,1.067225
2017-02-20,1.062665
2017-02-21,1.06094
2017-02-22,1.054207
2017-02-23,1.055409
2017-02-24,1.058447
2017-02-27,1.055275
2017-02-28,1.058425
2017-03-01,1.056915
2017-03-02,1.053585
2017-03-03,1.050972
2017-03-06,1.0620450000000001
2017-03-07,1.057921
2017-03-08,1.057015
2017-03-09,1.054741
2017-03-10,1.057843
2017-03-13,1.069004
2017-03-14,1.065144
2017-03-15,1.061244
2017-03-16,1.073791
2017-03-17,1.0774700000000001
2017-03-20,1.074299
2017-03-21,1.073768
2017-03-22,1.081245
2017-03-23,1.079016
2017-03-24,1.078388
2017-03-27,1.0849520000000001
2017-03-28,1.086095
2017-03-29,1.0817709999999998
2017-03-30,1.075963
2017-03-31,1.068707
2017-04-03,1.066883
2017-04-04,1.067008
2017-04-05,1.068034
2017-04-06,1.0672469999999998
2017-04-07,1.0644639999999999
2017-04-10,1.058201
2017-04-11,1.05976
2017-04-12,1.061132
2017-04-13,1.067065
2017-04-14,1.061639
2017-04-17,1.061053
2017-04-18,1.064453
2017-04-19,1.072869
2017-04-20,1.071501
2017-04-21,1.07149
2017-04-24,1.087394
2017-04-25,1.086484
2017-04-26,1.092825
2017-04-27,1.0908930000000001
2017-04-28,1.086425
2017-05-01,1.09075
2017-05-02,1.0908930000000001
2017-05-03,1.093565
2017-05-04,1.088898
2017-05-05,1.0981530000000002
2017-05-08,1.096515
2017-05-09,1.092777
2017-05-10,1.088684
2017-05-11,1.087075
2017-05-12,1.086496
2017-05-15,1.092729
2017-05-16,1.098177
2017-05-17,1.1093979999999999
2017-05-18,1.115636
2017-05-19,1.111358
2017-05-22,1.120486
2017-05-23,1.1238860000000002
2017-05-24,1.117931
2017-05-25,1.123091
2017-05-26,1.121076
2017-05-29,1.1176059999999999
2017-05-30,1.1129040000000001
2017-05-31,1.117169
2017-06-01,1.124354
2017-06-02,1.121579
2017-06-05,1.128083
2017-06-06,1.125682
2017-06-07,1.127142
2017-06-08,1.125518
2017-06-09,1.118481
2017-06-12,1.1201969999999999
2017-06-13,1.11962
2017-06-14,1.1208879999999999
2017-06-15,1.121579
2017-06-16,1.1146909999999999
2017-06-19,1.120825
2017-06-20,1.114455
2017-06-21,1.113697
2017-06-22,1.1167200000000002
2017-06-23,1.1149639999999998
2017-06-26,1.119884
2017-06-27,1.118356
2017-06-28,1.133915
2017-06-29,1.1382649999999999
2017-06-30,1.1441649999999999
2017-07-03,1.142309
2017-07-04,1.137139
2017-07-05,1.136015
2017-07-06,1.134687
2017-07-07,1.142478
2017-07-10,1.1403809999999999
2017-07-11,
2017-07-12,1.147394
2017-07-13,1.141891
2017-07-14,1.1403940000000001
2017-07-17,1.1475389999999999
2017-07-18,1.147434
2017-07-19,1.154974
2017-07-20,1.152844
2017-07-21,1.162872
2017-07-24,1.1681700000000002
2017-07-25,1.1638870000000001
2017-07-26,1.164456
2017-07-27,1.1728
2017-07-28,1.168866
2017-07-31,1.1747290000000001
2017-08-01,1.18241
2017-08-02,1.1811260000000001
2017-08-03,1.185115
2017-08-04,1.188495
2017-08-07,1.177842
2017-08-08,1.180094
2017-08-09,1.175461
2017-08-10,1.176152
2017-08-11,1.177024
2017-08-14,1.18255
2017-08-15,1.1775790000000002
2017-08-16,1.1741219999999999
2017-08-17,1.177426
2017-08-18,1.17155
2017-08-21,1.175627
2017-08-22,1.181195
2017-08-23,1.176221
2017-08-24,1.181656
2017-08-25,1.18022
2017-08-28,1.195186
2017-08-29,1.196387
2017-08-30,1.1970459999999998
2017-08-31,1.189343
2017-09-01,1.191043
2017-09-04,1.1882840000000001
2017-09-05,1.189343
2017-09-06,1.192407
2017-09-07,1.192777
2017-09-08,1.202906
2017-09-11,1.2017639999999998
2017-09-12,1.195943
2017-09-13,1.197461
2017-09-14,1.1890610000000001
2017-09-15,1.192165
2017-09-18,1.193716
2017-09-19,1.195929
2017-09-20,1.1992559999999999
2017-09-21,1.187211
2017-09-22,1.194558
2017-09-25,1.19272
2017-09-26,1.185565
2017-09-27,1.178606
2017-09-28,1.174964
2017-09-29,1.178175
2017-10-02,1.180735
2017-10-03,1.173378
2017-10-04,1.174757
2017-10-05,1.175724
2017-10-06,1.171234
2017-10-09,1.174246
2017-10-10,1.174164
2017-10-11,1.1814879999999999
2017-10-12,1.186549
2017-10-13,1.18318
2017-10-16,1.1814049999999998
2017-10-17,1.179454
2017-10-18,1.1771909999999999
2017-10-19,1.1795229999999999
2017-10-20,1.184806
2017-10-23,1.1753639999999999
2017-10-24,1.175917
2017-10-25,1.1759030000000001
2017-10-26,1.182075
2017-10-27,1.163724
2017-10-30,1.160456
2017-10-31,1.16527
2017-11-01,1.165175
2017-11-02,1.162872
2017-11-03,1.166181
2017-11-06,1.161494
2017-11-07,1.161265
2017-11-08,1.1601059999999999
2017-11-09,1.159689
2017-11-10,1.164687
2017-11-13,1.166113
2017-11-14,1.1664940000000001
2017-11-15,1.179287
2017-11-16,
2017-11-17,1.177745
2017-11-20,1.173186
2017-11-21,1.1741219999999999
2017-11-22,1.1737229999999998
2017-11-23,1.181474
2017-11-24,1.185396
2017-11-27,1.192649
2017-11-28,1.19049
2017-11-29,1.184806
2017-11-30,1.185199
2017-12-01,1.189825
2017-12-04,1.185986
2017-12-05,1.186775
2017-12-06,1.183292
2017-12-07,1.1804290000000002
2017-12-08,1.177218
2017-12-11,1.1769969999999998
2017-12-12,1.177759
2017-12-13,1.17426
2017-12-14,1.183586
2017-12-15,1.1774959999999999
2017-12-18,1.1743569999999999
2017-12-19,1.178425
2017-12-20,1.184133
2017-12-21,1.187818
2017-12-22,1.185733
2017-12-25,1.185607
2017-12-26,1.187254
2017-12-27,1.185789
2017-12-28,1.190079
2017-12-29,1.194172
2018-01-01,1.200495
2018-01-02,1.201158
2018-01-03,1.206345
2018-01-04,1.201043
2018-01-05,1.206884
2018-01-08,1.203746
2018-01-09,1.1970459999999998
2018-01-10,1.192933
2018-01-11,1.195614
2018-01-12,1.20421
2018-01-15,1.21923
2018-01-16,1.2268430000000001
2018-01-17,1.2271290000000001
2018-01-18,1.2183979999999999
2018-01-19,1.223661
2018-01-22,1.22555
2018-01-23,1.225625
2018-01-24,1.231027
2018-01-25,1.239111
2018-01-26,1.239234
2018-01-29,1.242807
2018-01-30,1.238114
2018-01-31,1.2409569999999999
2018-02-01,1.241866
2018-02-02,1.251001
2018-02-05,1.244694
2018-02-06,1.236782
2018-02-07,1.238129
2018-02-08,1.226813
2018-02-09,1.226076
2018-02-12,1.22528
2018-02-13,1.230376
2018-02-14,1.235376
2018-02-15,1.2467270000000001
2018-02-16,1.2503600000000001
2018-02-19,1.241188
2018-02-20,1.2398639999999999
2018-02-21,1.233532
2018-02-22,1.228184
2018-02-23,1.232666
2018-02-26,1.228713
2018-02-27,1.231557
2018-02-28,1.223032
2018-03-01,1.219126
2018-03-02,1.227084
2018-03-05,1.231542
2018-03-06,1.233654
2018-03-07,1.241665
2018-03-08,1.241465
2018-03-09,1.2306629999999998
2018-03-12,1.230875
2018-03-13,1.2339579999999999
2018-03-14,1.239234
2018-03-15,1.237562
2018-03-16,1.230921
2018-03-19,1.2280790000000001
2018-03-20,1.2336850000000001
2018-03-21,1.22519
2018-03-22,1.234766
2018-03-23,1.232499
2018-03-26,1.2354370000000001
2018-03-27,1.245749
2018-03-28,1.240787
2018-03-29,1.231027
2018-03-30,1.230285
2018-04-02,1.2314209999999999
2018-04-03,1.229271
2018-04-04,1.227853
2018-04-05,1.228682
2018-04-06,1.22516
2018-04-09,1.227144
2018-04-10,1.23224
2018-04-11,1.236308
2018-04-12,1.237164
2018-04-13,1.2329700000000001
2018-04-16,1.233259
2018-04-17,1.238513
2018-04-18,1.237317
2018-04-19,1.2379149999999999
2018-04-20,1.234553
2018-04-23,1.2273399999999999
2018-04-24,1.220897
2018-04-25,1.22414
2018-04-26,1.217167
2018-04-27,1.210962
2018-04-30,1.212283
2018-05-01,1.208123
2018-05-02,1.1991559999999999
2018-05-03,1.1951
2018-05-04,1.198926
2018-05-07,1.1955
2018-05-08,1.193374
2018-05-09,1.1867889999999999
2018-05-10,1.1847219999999998
2018-05-11,1.191753
2018-05-14,1.195214
2018-05-15,1.1931180000000001
2018-05-16,1.182089
2018-05-17,1.181698
2018-05-18,1.1795229999999999
2018-05-21,1.176664
2018-05-22,1.179245
2018-05-23,1.178856
2018-05-24,1.171015
2018-05-25,1.172264
2018-05-28,1.168893
2018-05-29,1.162696
2018-05-30,1.153935
2018-05-31,1.166725
2018-06-01,1.169317
2018-06-04,1.1668610000000001
2018-06-05,1.170056
2018-06-06,1.1726219999999998
2018-06-07,1.17855
2018-06-08,1.1795229999999999
2018-06-11,1.178398
2018-06-12,1.1774129999999998
2018-06-13,1.174826
2018-06-14,1.180777
2018-06-15,1.156658
2018-06-18,1.1595950000000002
2018-06-19,1.163075
2018-06-20,1.1588559999999999
2018-06-21,1.1579030000000001
2018-06-22,1.160578
2018-06-25,1.16614
2018-06-26,1.170275
2018-06-27,1.1650260000000001
2018-06-28,1.156363
2018-06-29,1.156297
2018-07-02,1.167856
2018-07-03,1.164212
2018-07-04,1.165922
2018-07-05,1.1662350000000001
2018-07-06,1.169591
2018-07-09,1.175226
2018-07-10,1.1756959999999999
2018-07-11,1.1727040000000002
2018-07-12,1.1676790000000001
2018-07-13,1.1665889999999999
2018-07-16,1.16791
2018-07-17,1.1709459999999998
2018-07-18,1.165325
2018-07-19,1.164565
2018-07-20,1.1655149999999999
2018-07-23,1.174191
2018-07-24,1.1694129999999998
2018-07-25,1.168552
2018-07-26,1.17375
2018-07-27,1.164293
2018-07-30,1.166045
2018-07-31,1.170741
2018-08-01,1.168962
2018-08-02,1.1665889999999999
2018-08-03,1.158601
2018-08-06,1.1562299999999999
2018-08-07,1.155802
2018-08-08,1.160295
2018-08-09,1.161076
2018-08-10,1.152392
2018-08-13,1.139471
2018-08-14,1.1402510000000001
2018-08-15,1.134572
2018-08-16,1.1344299999999998
2018-08-17,1.137139
2018-08-20,1.143772
2018-08-21,1.149135
2018-08-22,1.157675
2018-08-23,1.15848
2018-08-24,1.154335
2018-08-27,1.16489
2018-08-28,1.168361
2018-08-29,1.169126
2018-08-30,1.170974
2018-08-31,1.166466
2018-09-03,1.1601059999999999
2018-09-04,1.161548
2018-09-05,1.158655
2018-09-06,1.1635209999999998
2018-09-07,1.162007
2018-09-10,1.156109
2018-09-11,1.1595950000000002
2018-09-12,1.159608
2018-09-13,1.1629260000000001
2018-09-14,1.1691799999999999
2018-09-17,1.162899
2018-09-18,1.166916
2018-09-19,1.167992
2018-09-20,1.167461
2018-09-21,1.1775930000000001
2018-09-24,1.175102
2018-09-25,1.175295
2018-09-26,1.176318
2018-09-27,1.1748530000000001
2018-09-28,1.163738
2018-10-01,1.1605370000000002
2018-10-02,1.157756
2018-10-03,1.155175
2018-10-04,1.1476309999999998
2018-10-05,1.151808
2018-10-08,1.15226
2018-10-09,1.149412
2018-10-10,1.150695
2018-10-11,1.1533360000000001
2018-10-12,1.159044
2018-10-15,1.155135
2018-10-16,1.1583459999999999
2018-10-17,1.1575280000000001
2018-10-18,1.1500860000000002
2018-10-19,1.146
2018-10-22,1.150947
2018-10-23,1.1467889999999998
2018-10-24,1.1473149999999999
2018-10-25,1.139926
2018-10-26,1.137786
2018-10-29,1.139874
2018-10-30,1.137618
2018-10-31,1.134636
2018-11-01,1.1316700000000002
2018-11-02,1.1403290000000001
2018-11-05,1.139757
2018-11-06,1.141292
2018-11-07,1.143851
2018-11-08,1.143406
2018-11-09,1.136842
2018-11-12,1.132503
2018-11-13,1.123343
2018-11-14,1.131119
2018-11-15,1.131183
2018-11-16,1.13249
2018-11-19,1.1413959999999999
2018-11-20,1.145502
2018-11-21,1.137242
2018-11-22,1.138835
2018-11-23,1.1403159999999999
2018-11-26,1.133735
2018-11-27,1.133337
2018-11-28,1.12988
2018-11-29,1.136855
2018-11-30,1.139277
2018-12-03,1.134224
2018-12-04,1.135486
2018-12-05,1.134288
2018-12-06,1.134906
2018-12-07,1.137475
2018-12-10,1.140095
2018-12-11,1.1356540000000002
2018-12-12,1.132311
2018-12-13,1.137346
2018-12-14,1.136364
2018-12-17,1.130595
2018-12-18,1.134984
2018-12-19,1.13754
2018-12-20,1.138952
2018-12-21,1.145685
2018-12-24,1.137281
2018-12-25,1.1403940000000001
2018-12-26,1.141553
2018-12-27,1.136131
2018-12-28,1.143105
2018-12-31,1.143995
2019-01-01,1.149306
2019-01-02,1.1461709999999998
2019-01-03,1.1318110000000001
2019-01-04,1.139108
2019-01-07,1.141044
2019-01-08,1.147974
2019-01-09,1.145607
2019-01-10,1.1554950000000002
2019-01-11,1.1510129999999998
2019-01-14,1.1460139999999999
2019-01-15,1.147289
2019-01-16,1.141683
2019-01-17,1.139809
2019-01-18,1.1392639999999998
2019-01-21,1.136557
2019-01-22,1.136932
2019-01-23,1.1364020000000001
2019-01-24,1.138822
2019-01-25,1.13135
2019-01-28,1.141305
2019-01-29,1.143001
2019-01-30,1.143537
2019-01-31,1.148765
2019-02-01,1.144951
2019-02-04,1.145528
2019-02-05,1.143628
2019-02-06,1.140993
2019-02-07,1.136596
2019-02-08,1.133877
2019-02-11,1.132426
2019-02-12,1.127904
2019-02-13,1.133466
2019-02-14,1.126494
2019-02-15,1.129535
2019-02-18,1.1298030000000001
2019-02-19,1.1311959999999999
2019-02-20,1.134301
2019-02-21,1.134636
2019-02-22,1.134301
2019-02-25,1.134224
2019-02-26,1.136751
2019-02-27,1.1393149999999999
2019-02-28,1.1380190000000001
2019-03-01,1.137346
2019-03-04,1.137592
2019-03-05,1.133735
2019-03-06,1.13071
2019-03-07,1.131401
2019-03-08,1.119833
2019-03-11,1.123242
2019-03-12,1.125923
2019-03-13,1.128745
2019-03-14,1.133106
2019-03-15,1.130838
2019-03-18,1.131977
2019-03-19,1.13362
2019-03-20,1.135486
2019-03-21,1.142792
2019-03-22,1.137501
2019-03-25,1.129586
2019-03-26,1.13158
2019-03-27,1.127485
2019-03-28,1.125176
2019-03-29,1.123002
2019-04-01,1.122385
2019-04-02,1.120574
2019-04-03,1.120385
2019-04-04,1.124695
2019-04-05,1.122586
2019-04-08,1.1219569999999999
2019-04-09,1.125644
2019-04-10,1.1266969999999998
2019-04-11,1.12765
2019-04-12,1.126075
2019-04-15,1.130506
2019-04-16,1.130493
2019-04-17,1.128503
2019-04-18,1.1297139999999999
2019-04-19,1.1235950000000001
2019-04-22,1.124455
2019-04-23,1.125898
2019-04-24,1.122435
2019-04-25,1.115349
2019-04-26,1.113685
2019-04-29,1.115026
2019-04-30,1.1185180000000001
2019-05-01,1.121604
2019-05-02,1.120084
2019-05-03,1.117356
2019-05-06,1.118581
2019-05-07,1.120185
2019-05-08,1.119107
2019-05-09,1.119833
2019-05-10,1.122208
2019-05-13,1.123646
2019-05-14,1.123255
2019-05-15,1.1204479999999999
2019-05-16,1.120724
2019-05-17,1.117356
2019-05-20,1.116532
2019-05-21,1.116857
2019-05-22,
2019-05-23,1.115548
2019-05-24,1.118456
2019-05-27,1.120963
2019-05-28,1.1193819999999999
2019-05-29,1.117069
2019-05-30,1.1137350000000001
2019-05-31,1.1131149999999999
2019-06-03,1.117406
2019-06-04,1.124632
2019-06-05,1.125404
2019-06-06,1.122902
2019-06-07,1.12765
2019-06-10,1.132016
2019-06-11,1.1318110000000001
2019-06-12,1.132952
2019-06-13,1.129561
2019-06-14,1.128044
2019-06-17,1.121705
2019-06-18,1.12246
2019-06-19,1.119821
2019-06-20,1.123848
2019-06-21,1.129561
2019-06-24,1.138472
2019-06-25,1.1400299999999999
2019-06-26,1.136997
2019-06-27,1.137475
2019-06-28,1.137294
2019-07-01,1.136493
2019-07-02,1.128745
2019-07-03,1.129305
2019-07-04,1.128796
2019-07-05,1.128579
2019-07-08,1.122738
2019-07-09,1.121604
2019-07-10,1.120825
2019-07-11,1.125885
2019-07-12,1.1252389999999999
2019-07-15,1.127205
2019-07-16,1.126177
2019-07-17,1.121227
2019-07-18,1.122965
2019-07-19,1.126152
2019-07-22,1.121831
2019-07-23,1.120611
2019-07-24,1.115126
2019-07-25,1.114243
2019-07-26,1.114616
2019-07-29,1.113214
2019-07-30,1.1143049999999999
2019-07-31,1.115797
2019-08-01,1.107175
2019-08-02,1.1078860000000001
2019-08-05,1.110803
2019-08-06,1.124379
2019-08-07,1.120699
2019-08-08,1.120436
2019-08-09,1.118718
2019-08-12,1.12085
2019-08-13,1.121831
2019-08-14,1.1177059999999999
2019-08-15,1.1143299999999998
2019-08-16,1.111358
2019-08-19,1.109385
2019-08-20,1.108316
2019-08-21,1.109779
2019-08-22,1.109078
2019-08-23,1.108402
2019-08-26,1.1143049999999999
2019-08-27,1.110371
2019-08-28,1.109004
2019-08-29,1.108586
2019-08-30,1.106195
2019-09-02,1.0991790000000001
2019-09-03,1.096852
2019-09-04,1.0974540000000002
2019-09-05,1.103497
2019-09-06,1.103631
2019-09-09,1.102062
2019-09-10,1.104838
2019-09-11,1.105033
2019-09-12,1.101346
2019-09-13,1.105828
2019-09-16,1.1083399999999999
2019-09-17,1.100594
2019-09-18,1.107469
2019-09-19,1.1031440000000001
2019-09-20,1.10485
2019-09-23,1.101904
2019-09-24,1.099372
2019-09-25,1.1016860000000002
2019-09-26,1.0952899999999999
2019-09-27,1.092275
2019-09-30,1.094271
2019-10-01,1.089966
2019-10-02,1.093494
2019-10-03,1.096371
2019-10-04,1.097538
2019-10-07,1.09866
2019-10-08,1.097213
2019-10-09,1.096011
2019-10-10,1.0987799999999999
2019-10-11,1.1011030000000002
2019-10-14,1.103
2019-10-15,1.1029010000000001
2019-10-16,1.103473
2019-10-17,1.107493
2019-10-18,1.112718
2019-10-21,1.115573
2019-10-22,1.115175
2019-10-23,1.112929
2019-10-24,1.1132389999999999
2019-10-25,1.110396
2019-10-28,1.108426
2019-10-29,1.109915
2019-10-30,1.111482
2019-10-31,1.115449
2019-11-01,1.11571
2019-11-04,1.116657
2019-11-05,1.112855
2019-11-06,1.10742
2019-11-07,1.10704
2019-11-08,1.1019700000000001
2019-11-11,1.102244
2019-11-12,1.103546
2019-11-13,1.101237
2019-11-14,1.101322
2019-11-15,1.10205
2019-11-18,1.10551
2019-11-19,1.107236
2019-11-20,1.108
2019-11-21,1.1078860000000001
2019-11-22,1.106586
2019-11-25,1.102256
2019-11-26,1.101443
2019-11-27,1.102256
2019-11-28,1.100485
2019-11-29,1.101176
2019-12-02,1.101904
2019-12-03,1.107911
2019-12-04,1.108525
2019-12-05,1.108303
2019-12-06,1.110543
2019-12-09,1.105889
2019-12-10,1.106499
2019-12-11,1.109275
2019-12-12,1.113586
2019-12-13,1.118606
2019-12-16,1.1124459999999998
2019-12-17,1.113697
2019-12-18,1.115138
2019-12-19,1.111593
2019-12-20,1.112595
2019-12-23,1.107984
2019-12-24,1.109385
2019-12-25,1.109016
2019-12-26,1.109545
2019-12-27,1.110112
2019-12-30,1.1182299999999998
2019-12-31,1.1202299999999998
2020-01-01,1.122083
2020-01-02,1.122083
2020-01-03,1.1171440000000001
2020-01-06,1.116196
2020-01-07,1.119799
2020-01-08,1.115474
2020-01-09,1.111321
2020-01-10,1.111111
2020-01-13,1.111667
2020-01-14,1.113573
2020-01-15,1.11309
2020-01-16,1.1154
2020-01-17,1.113958
2020-01-20,1.109459
2020-01-21,1.109693
2020-01-22,1.1085610000000001
2020-01-23,1.109644
2020-01-24,1.105522
2020-01-27,1.102536
2020-01-28,1.101977
2020-01-29,1.102256
2020-01-30,1.1016860000000002
2020-01-31,1.1029129999999998
2020-02-03,1.1089790000000002
2020-02-04,1.106293
2020-02-05,1.1047280000000002
2020-02-06,1.100231
2020-02-07,1.098298
2020-02-10,1.0949309999999999
2020-02-11,1.091346
2020-02-12,1.091941
2020-02-13,1.087595
2020-02-14,1.0845989999999999
2020-02-17,1.084175
2020-02-18,1.084011
2020-02-19,1.07954
2020-02-20,1.08101
2020-02-21,1.0788
2020-02-24,1.083905
2020-02-25,1.08492
2020-02-26,1.0882
2020-02-27,1.088589
2020-02-28,1.099723
2020-03-02,1.1051309999999999
2020-03-03,1.1144049999999999
2020-03-04,1.118068
2020-03-05,1.113908
2020-03-06,1.122385
2020-03-09,1.1386020000000001
2020-03-10,1.1397959999999998
2020-03-11,1.131651
2020-03-12,1.126152
2020-03-13,1.118493
2020-03-16,1.115536
2020-03-17,1.116321
2020-03-18,1.101552
2020-03-19,1.096155
2020-03-20,1.065735
2020-03-23,1.069439
2020-03-24,1.0764610000000001
2020-03-25,1.080264
2020-03-26,1.088957
2020-03-27,1.104826
2020-03-30,1.113908
2020-03-31,1.1030469999999999
2020-04-01,1.102657
2020-04-02,1.0953620000000002
2020-04-03,1.08474
2020-04-06,1.0806959999999999
2020-04-07,1.08038
2020-04-08,1.0895139999999999
2020-04-09,1.086366
2020-04-10,1.092741
2020-04-13,1.093267
2020-04-14,1.092299
2020-04-15,1.098539
2020-04-16,1.09051
2020-04-17,1.085847
2020-04-20,1.086697
2020-04-21,1.086484
2020-04-22,1.085647
2020-04-23,1.080964
2020-04-24,1.077702
2020-04-27,1.082368
2020-04-28,1.0824850000000001
2020-04-29,1.083658
2020-04-30,1.087725
2020-05-01,1.094547
2020-05-04,1.095963
2020-05-05,1.090429
2020-05-06,1.083858
2020-05-07,1.079855
2020-05-08,1.083717
2020-05-11,1.083952
2020-05-12,1.080941
2020-05-13,1.084681
2020-05-14,1.082368
2020-05-15,1.0806959999999999
2020-05-18,1.082134
2020-05-19,1.091512
2020-05-20,1.092777
2020-05-21,1.098298
2020-05-22,1.0952899999999999
2020-05-25,1.0907799999999999
2020-05-26,1.0903
2020-05-27,1.098177
2020-05-28,1.1016860000000002
2020-05-29,1.107911
2020-06-01,1.111852
2020-06-02,1.112595
2020-06-03,1.1189440000000002
2020-06-04,1.1235950000000001
2020-06-05,1.133787
2020-06-08,1.131952
2020-06-09,1.130557
2020-06-10,1.133222
2020-06-11,1.136544
2020-06-12,1.128808
2020-06-15,1.1252010000000001
2020-06-16,1.133774
2020-06-17,1.12657
2020-06-18,1.12429
2020-06-19,1.1211
2020-06-22,1.117756
2020-06-23,1.127968
2020-06-24,1.131235
2020-06-25,1.1250870000000002
2020-06-26,1.122208
2020-06-29,1.122586
2020-06-30,1.1247200000000002
2020-07-01,1.1235950000000001
2020-07-02,1.125138
2020-07-03,1.123785
2020-07-06,1.1247200000000002
2020-07-07,1.131286
2020-07-08,1.127523
2020-07-09,1.133915
2020-07-10,1.128796
2020-07-13,1.1310040000000001
2020-07-14,1.13455
2020-07-15,1.14107
2020-07-16,1.1417190000000002
2020-07-17,1.1392120000000001
2020-07-20,1.144296
2020-07-21,1.145869
2020-07-22,1.153403
2020-07-23,1.156872
2020-07-24,1.159608
2020-07-27,1.165257
2020-07-28,1.176928
2020-07-29,1.17188
2020-07-30,1.178287
2020-07-31,1.187225
2020-08-03,1.178231
2020-08-04,1.176332
2020-08-05,1.1815440000000001
2020-08-06,1.187282
2020-08-07,1.187648
2020-08-10,1.178273
2020-08-11,1.173778
2020-08-12,1.1736540000000002
2020-08-13,1.1793799999999999
2020-08-14,1.181656
2020-08-17,1.185255
2020-08-18,1.187648
2020-08-19,1.1947860000000001
2020-08-20,1.18435
2020-08-21,1.187366
2020-08-24,1.179802
2020-08-25,1.179454
2020-08-26,1.183502
2020-08-27,1.184273
2020-08-28,1.1819629999999999
2020-08-31,1.191824
2020-09-01,1.193902
2020-09-02,1.192321
2020-09-03,1.184736
2020-09-04,1.183978
2020-09-07,1.183446
2020-09-08,1.182173
2020-09-09,1.177024
2020-09-10,1.1806379999999999
2020-09-11,1.1824379999999999
2020-09-14,1.184273
2020-09-15,1.187
2020-09-16,1.184441
2020-09-17,1.180345
2020-09-18,1.18482
2020-09-21,1.184553
2020-09-22,1.1768
2020-09-23,1.1708370000000001
2020-09-24,1.1658540000000002
2020-09-25,1.167324
2020-09-28,1.163535
2020-09-29,1.167883
2020-09-30,1.174205
2020-10-01,1.172608
2020-10-02,1.174495
2020-10-05,1.172044
2020-10-06,1.179245
2020-10-07,1.173764
2020-10-08,1.176747
2020-10-09,1.1767
2020-10-12,1.181684
2020-10-13,1.181614
2020-10-14,1.1742190000000001
2020-10-15,1.174398
2020-10-16,1.170713
2020-10-19,1.17155
2020-10-20,1.176886
2020-10-21,1.182984
2020-10-22,1.185396
2020-10-23,1.181502
2020-10-26,1.184848
2020-10-27,1.180944
2020-10-28,1.178411
2020-10-29,1.174867
2020-10-30,1.16787
2020-11-02,1.164212
2020-11-03,1.16428
2020-11-04,1.176221
2020-11-05,1.173268
2020-11-06,1.1817540000000002
